{
	"AbilityInvocationFixedNotify": "24213",
	"AbilityInvocationsNotify": "27059",
	"ClientAbilityInitBeginNotify": "3313",
	"ClientAbilityInitFinishNotify": "4338",
	"AbilityInvocationFailNotify": "26198",
	"ClientAbilitiesInitFinishCombineNotify": "29849",
	"WindSeedClientNotify": "25062",
	"AbilityChangeNotify": "27899",
	"ClientAbilityChangeNotify": "25166",
	"ServerUpdateGlobalValueNotify": "7478",
	"ServerGlobalValueChangeNotify": "727",
	"ClientAIStateNotify": "8537",
	"ServerCombatEndNotify": "23099",
	"ClientRemoveCombatEndModifierNotify": "26928",
	"PerformOperationNotify": "6266",
	"AchievementAllDataNotify": "28301",
	"AchievementUpdateNotify": "2700",
	"TakeAchievementRewardReq": "1426",
	"TakeAchievementRewardRsp": "1432",
	"TakeAchievementGoalRewardReq": "2196",
	"TakeAchievementGoalRewardRsp": "3006",
	"GetActivityScheduleReq": "5277",
	"GetActivityScheduleRsp": "2456",
	"GetActivityInfoReq": "9732",
	"GetActivityInfoRsp": "9769",
	"ActivityPlayOpenAnimNotify": "1342",
	"ActivityInfoNotify": "20475",
	"ActivityScheduleInfoNotify": "27146",
	"ActivityTakeWatcherRewardReq": "27571",
	"ActivityTakeWatcherRewardRsp": "24030",
	"ActivityUpdateWatcherNotify": "25876",
	"ActivitySelectAvatarCardReq": "20267",
	"ActivitySelectAvatarCardRsp": "22748",
	"ActivityCoinInfoNotify": "3462",
	"SeaLampFlyLampReq": "29439",
	"SeaLampFlyLampRsp": "6420",
	"SeaLampTakeContributionRewardReq": "4670",
	"SeaLampTakeContributionRewardRsp": "9237",
	"SeaLampTakePhaseRewardReq": "6203",
	"SeaLampTakePhaseRewardRsp": "20819",
	"SeaLampContributeItemReq": "29203",
	"SeaLampContributeItemRsp": "24564",
	"SeaLampFlyLampNotify": "28944",
	"SeaLampCoinNotify": "6893",
	"SeaLampPopularityNotify": "2445",
	"LoadActivityTerrainNotify": "27304",
	"ServerAnnounceNotify": "29940",
	"ServerAnnounceRevokeNotify": "1586",
	"ActivityBannerNotify": "29278",
	"ActivityBannerClearReq": "20478",
	"ActivityBannerClearRsp": "28464",
	"SalesmanDeliverItemReq": "28548",
	"SalesmanDeliverItemRsp": "23775",
	"SalesmanTakeRewardReq": "6606",
	"SalesmanTakeRewardRsp": "28788",
	"ActivityCondStateChangeNotify": "26830",
	"SalesmanTakeSpecialRewardReq": "9088",
	"SalesmanTakeSpecialRewardRsp": "29674",
	"GetAuthSalesmanInfoReq": "4773",
	"GetAuthSalesmanInfoRsp": "5645",
	"DLHDKLNGABH": "28765",
	"ABFEDMMCOHI": "28405",
	"NMICOCDALCJ": "22840",
	"CKPBBBBPOPL": "24984",
	"CBGIIDHPBGH": "24821",
	"PDLBGDLIMKI": "25767",
	"NEHHPKHNKHM": "26061",
	"ICFNHEEPKIE": "2219",
	"DKGPJMJIJBG": "9685",
	"HEBJOGOIBFO": "3728",
	"EPGMPDBMINK": "28473",
	"JGOEKGKKBED": "21292",
	"DFAKNLNPHHD": "1056",
	"GLKNABIILKM": "20173",
	"OHCANKJNFPJ": "28607",
	"DDHGCIDDOIG": "7863",
	"LFJNOAAIBAN": "3568",
	"LIEDJLDDLPD": "21308",
	"EKODODFJCDC": "28247",
	"CLALDIENALB": "6808",
	"MLLONLMAIGL": "2902",
	"IMPHIEOGDAH": "8582",
	"IJHOPFODNGN": "22644",
	"PHEMBJPPNCP": "27619",
	"LAGGNMNAGON": "24198",
	"LPCEPFMFDPF": "24967",
	"DNFLMAKCFHN": "25522",
	"HDMOAPFPEKL": "21659",
	"OHHKABMPDCC": "26381",
	"JBAECNDFHFD": "4089",
	"NOOHFOKENKL": "27115",
	"OOODAHCDFFD": "29163",
	"ALILCNKEFLI": "25006",
	"COJNHGNEFCL": "20594",
	"LFEHHPCFKMA": "5521",
	"PDFDNCDDNAA": "22771",
	"DMHNKDDFJIN": "22494",
	"OMJCDDMJCEJ": "24100",
	"ONBOGCLHKBG": "5806",
	"FCGLNNCIOPH": "21815",
	"GLOBCEPEMHN": "20578",
	"NFBNELEBEAJ": "4938",
	"ACGFHPLJGCI": "1131",
	"BELFLJJJOLE": "27067",
	"HLMCHLFIPGC": "380",
	"DHDMNBLFKJM": "5183",
	"OEHOHLIICFD": "4021",
	"LDABKJPFGCB": "26113",
	"BNMMHJFMMFC": "6318",
	"BBNBIIHGDAA": "27618",
	"DHOMBDGLCHG": "24317",
	"OBLACAGENJC": "1348",
	"FDFODDDHIDI": "20367",
	"NIMALIBCNDA": "25774",
	"NLHLBLHOBND": "21321",
	"CDHAHDMGDFP": "3518",
	"EGCHMLJNOAN": "3581",
	"DFMPPKHJBMP": "21979",
	"HJJHCPINCNE": "7940",
	"GFCDOAKIEIP": "23505",
	"CLIJPOPLGEM": "6946",
	"HBLBGHBJCOP": "6852",
	"ELLIOEPKLLJ": "6740",
	"KPGKGAEHIOC": "3561",
	"GIINPEIDMOA": "23553",
	"GGOMFEKGEGF": "25157",
	"JHCNHEMAALE": "28776",
	"IKFPJDLGCAK": "6485",
	"GOECCIDPEJA": "1694",
	"LHOBFPCHJGG": "6429",
	"ADGMELDPAAC": "2162",
	"NPLOHBGGJAE": "26975",
	"IDHODHFNEAA": "8332",
	"DMDDDIFEIBG": "2920",
	"MOGLDAKNKJM": "2959",
	"OKMPDPGMDLH": "25814",
	"HIHIFJECIKD": "4903",
	"OFOILMPHHDI": "6818",
	"GJFBIBGGHFG": "7121",
	"KKPMBGJLKAN": "21269",
	"KIBKDAPJIAP": "8553",
	"JIIICGKJHCH": "27902",
	"CIAOOCAGMGA": "20976",
	"LOHEFOPKDFJ": "22888",
	"NLHLOGDMGPB": "1662",
	"CNLIEOOCAFN": "20692",
	"LAIIMBGKJON": "7302",
	"DHANJNCILEG": "2668",
	"IJJKEHKAHJB": "28191",
	"MLMIDAMNGCC": "6920",
	"OKGDINDMKFK": "26873",
	"CPPJNFNEMHJ": "27185",
	"DOADHFANFBP": "3676",
	"EFOGCBKEMDC": "24409",
	"KCIFNGNEACO": "24426",
	"PNOBBMJFMMP": "23971",
	"ALKNPGINPHP": "3048",
	"DOBPNJHNMKM": "28699",
	"ADHBMAKNIIM": "26201",
	"EJFHPJGOIAE": "20611",
	"DKCBLBIIHPF": "25714",
	"AOKIHNEIPLN": "29474",
	"DLODDCEJANC": "3530",
	"HJMBEGHMOOM": "3622",
	"HPKGGJJOLDN": "652",
	"AKHAFOBJALK": "29300",
	"BAKPKOMCANK": "7764",
	"MFGAEJJLBLP": "8335",
	"IFCPINPBCOO": "1842",
	"LNBFNKAJGLF": "5169",
	"IDFHDKEOFIB": "1377",
	"EKEJCKBAMNF": "25296",
	"MLFGBJMEGMM": "5919",
	"CIMDEFHJOEN": "8222",
	"GPMCNEDBCGO": "24720",
	"JFJEMJNEEEJ": "23163",
	"KOKDLEMHIDK": "8316",
	"BICJJBJDIGH": "28614",
	"ODEHEODALNG": "23079",
	"AGHCKCEDJAJ": "1128",
	"JICJIMCAOMH": "1976",
	"BKBMGFMNCMB": "29851",
	"AJBDCAAGIPL": "5694",
	"FPHINCMBHIH": "5775",
	"NCGKPMLFNFP": "24512",
	"BJPFGFEHJJO": "3203",
	"OMBMGOLBMJB": "20351",
	"HPONAAAKMLK": "24469",
	"DPPKOFGAPGH": "2461",
	"AIJLFAHGJJI": "26256",
	"NMEPLFPEBEN": "9006",
	"NGDPBMBNEEH": "28513",
	"OCBNMFJOFJE": "8286",
	"GGIGIGEMFFF": "1288",
	"IPDNPOJGIMH": "5570",
	"FCLPAKJOGIO": "5294",
	"HKHBPGMFOBL": "29561",
	"AJINNMBPFKH": "26706",
	"BGBPAFDIHAI": "2720",
	"NJHIEHCGNDE": "3603",
	"KCICHOFMHMC": "29867",
	"KAKHFKMDGBC": "26160",
	"BDAODENMPDB": "1716",
	"OICJGJPJJIM": "28178",
	"HMLGCIJLFBP": "28352",
	"CLCPCEKGKNM": "27707",
	"OCFFPFHMDOD": "2731",
	"MNANDKGOIGA": "22630",
	"BFCAFNAPCLM": "23421",
	"LFGICGEHPCH": "4649",
	"NCBGDPDAOCF": "22220",
	"BDJCFPPBLLE": "5029",
	"PIFIKACCGPE": "5485",
	"CNEPKEHJIGG": "6727",
	"JCBDFAHENIF": "3727",
	"NLBCPCFKPBK": "1252",
	"DAEKEMHLNJL": "768",
	"FIFIKBCBBLN": "20753",
	"FLEBBJOGOBM": "9502",
	"MBGKJIKNBMG": "28272",
	"MBCGMOINLDO": "23883",
	"HMIJLADCKEM": "23783",
	"ANBNCJLBEJA": "22678",
	"EPBGCHAIDEA": "22066",
	"JGCGGGONNAN": "27496",
	"JCGMNKNKFHL": "23817",
	"DMAGHACHPIJ": "22858",
	"JGMNFGOIFON": "26869",
	"IHJGIHHJLJI": "9208",
	"GPGJBEJOEEF": "20909",
	"DDEJLENFEOJ": "29637",
	"KPFIGCIOFHF": "26945",
	"FIGDHJKBOIF": "6339",
	"GDGMOKGDOPH": "1530",
	"KIHMHDFNICP": "26288",
	"JLHPMBKOAOC": "9113",
	"OGOMDOAGMKF": "23925",
	"OAKJGCPMAKJ": "20305",
	"EIPCDJKIIPC": "1531",
	"LCJPAGNBGOF": "27228",
	"GPENOFJPPFL": "27663",
	"MFLHLAEHDMP": "25762",
	"BHMFPIAFDKI": "21291",
	"JABBEOEEIIM": "9999",
	"LMOMGHKKFGB": "8817",
	"PlantFlowerEditFlowerCombinationReq": "1835",
	"PlantFlowerEditFlowerCombinationRsp": "9479",
	"MJLEOFDAOMF": "20602",
	"CPAADOANIJO": "8594",
	"LFMMDFGFAFM": "29357",
	"HNDOMFAEHND": "28680",
	"LCKOAMLDANP": "6473",
	"BIMIAMPLCHL": "27763",
	"DPOBHAKIPED": "1895",
	"HMGBKOJEDEA": "8652",
	"LOOBBHOLNCA": "26398",
	"ONJLICKIENP": "76",
	"PBHFBEKBKPD": "7453",
	"GJFNMLMEPAE": "4254",
	"IAPEPBNILPA": "4206",
	"OEKOCKFFKPK": "24084",
	"FPLCCEECMKD": "1943",
	"JDHDGCJICCN": "9644",
	"MPOJECFGFGG": "8173",
	"NBEMPLDLNHC": "23557",
	"EDHLOMKHOKN": "464",
	"BKHPLKNNEMJ": "2298",
	"CEDPGKFOMJC": "26657",
	"EFIIODLKOEF": "5245",
	"JJCLPELCAKD": "23124",
	"FELGFOFNBHB": "20032",
	"OBJIODEHPDH": "24657",
	"CENEFIPFMBL": "28537",
	"FAOAAOMECLJ": "7981",
	"PNCLNFBPLFM": "28478",
	"EMMOADEPKBO": "9973",
	"PFGPLNFDIME": "1160",
	"PPANPIEPLKI": "7763",
	"KALPDJNAAGL": "24789",
	"POBKPBMJMLJ": "27946",
	"MLKBFJPGMBH": "9792",
	"BLEOEDJMCIF": "25736",
	"HDAMDPHPFGP": "26942",
	"JLBCADBLDCO": "3892",
	"KDALFCCGLBI": "8581",
	"EIOCPDHNGJH": "3611",
	"KJCFAPMHFGI": "28135",
	"PNDIIKOINLE": "23175",
	"EOMGDFJJCPO": "9794",
	"CDFJGKDOAOM": "29070",
	"MEMEOAANKOF": "28992",
	"LINGOFDNCIN": "22176",
	"CLLGBACEJJA": "5238",
	"NOCAELHKDGD": "8950",
	"FGGHCIOJLPC": "7215",
	"LMFECFEFOIJ": "8295",
	"BCJAMLJPENL": "6385",
	"JAHFGIGHEBK": "7477",
	"GEAKBLBOHJK": "22531",
	"EJFJGOCOJBN": "752",
	"JLINKAGHMFD": "24938",
	"CIGHDJKHIEI": "25124",
	"OJCGPDOOPMN": "1967",
	"OMLLPDDHIHC": "3335",
	"BGBHDPOLMPA": "881",
	"GFEDBEDGNNM": "27870",
	"APBGJEICIEI": "4251",
	"KKEJCOCPNPG": "29243",
	"CGAEBDOBFLB": "28495",
	"MMBMEPINCED": "20463",
	"HHBBOLOBJMM": "21736",
	"NABLLMAIHKD": "29830",
	"MCCNODBJFNE": "20840",
	"JIHOOKDMJPN": "1162",
	"LLJLBOOFIFD": "3043",
	"JNMJBJFGACL": "26887",
	"FKCMDGEPBNB": "4611",
	"BFCJBKFGFMF": "22200",
	"PNOPFKGBEBL": "5027",
	"FLKMFOHLBOH": "23824",
	"IBNAHNEMEOB": "3710",
	"PIBMLHHGIAH": "29872",
	"OGEKKFJNLCA": "574",
	"MDHLIHNOMAC": "3772",
	"NGIOHKNMBJN": "23206",
	"CGJAAAGOFBP": "1756",
	"EOFNFMMEPAO": "23161",
	"IHOPOFPEGGG": "26230",
	"EGEHBEIPLHL": "8206",
	"EGOHAKCFPBM": "2173",
	"PHAIFDMCDCI": "5683",
	"MHNLELBMDBF": "3095",
	"FOJMLIDLLDG": "5742",
	"CMJEGFDEDIF": "24701",
	"FJOMBNNJPGA": "5065",
	"OFEEHBBCJNC": "1939",
	"MHDNHDBJGNM": "8411",
	"DEHMDAPMPLL": "2851",
	"NFIDJJDEJLA": "25806",
	"KAHDJBAOBJI": "1004",
	"JBJNMIFOBFA": "4152",
	"LEILIADLPJA": "7700",
	"HCJIHAOCJGN": "4751",
	"PAAOFGOPJBJ": "29275",
	"GOEMCLNIPHH": "8118",
	"BGABLKMGIBE": "6264",
	"BFNOMBAMEAC": "24000",
	"PDFKJNLDPLI": "3189",
	"OBPLENDFNKH": "20227",
	"MOJIKPKJGOL": "6820",
	"MOEKNBINPGM": "5969",
	"EBEOCOHFJCM": "28575",
	"PJDOOBDEHKM": "28921",
	"PGGEKIOINKG": "8174",
	"GEOMELDDNEO": "7606",
	"COJJDJACJPJ": "8459",
	"NNCDNMNEEBG": "2643",
	"CFLOHLKLHID": "25338",
	"IJPOCEDDFDN": "29158",
	"NNFKBBNADJM": "29348",
	"GFMCPHNHAOP": "8860",
	"KONKONCIJKP": "28764",
	"FHLMGPEMFHK": "8607",
	"BDIJEFEDNDM": "7104",
	"MOAAEFCAFFL": "25438",
	"CDFGMOBBNGC": "29149",
	"OFLFACNNGLD": "5298",
	"FBAGOBEDAKC": "23803",
	"NFGDIMMNOKI": "324",
	"EMDHEPLAKMD": "20670",
	"LCMPJNCNDPB": "21278",
	"ADGNCHNLHFA": "23551",
	"PMHNNOHHEBM": "4469",
	"FCLCEOOPNNF": "25372",
	"NCLHGGLMKOD": "7297",
	"FDALBGHCICL": "22496",
	"EEGNBOKDMIA": "22314",
	"PDLKPDGPHAO": "29161",
	"ELFOOPCPOFO": "22311",
	"ACHCODHJIEN": "24043",
	"NMKBEMMLPBI": "23489",
	"JBOLFAELBHH": "6068",
	"ALPEHMGGCLI": "22322",
	"MCHJGOPKBFI": "5269",
	"PFDHPACGCHK": "142",
	"MHPDBJOGFPC": "8870",
	"JMHLHEFLBBJ": "22198",
	"EHGILGOALNN": "22618",
	"FLDBEBGONBM": "26709",
	"CGNOFEHEJJK": "25642",
	"POCEHDEIMJA": "21982",
	"OIHHDCMNJCE": "7194",
	"JHNNKHFFFKO": "7939",
	"IrodoriScanEntityReq": "1822",
	"IrodoriScanEntityRsp": "24542",
	"AIPGBPEKBHC": "21158",
	"CJBPOKFEKFG": "28095",
	"LFPEBHEGHDG": "25264",
	"BJGNBPPDGHJ": "7678",
	"APHDFOMPAMN": "4718",
	"EIPHKGALEDC": "24636",
	"JAHHABKIPNJ": "25803",
	"FAIMLHLLIFL": "6928",
	"JINIJIBBCPG": "26573",
	"KIFDMCKDPME": "22284",
	"HJKEBOOCHAJ": "9417",
	"OOICIFDCIIO": "23492",
	"PBNOFCNKHPD": "6801",
	"OMODDMEJDAD": "21478",
	"FOFKGANHKHD": "28101",
	"CIFGAEINODL": "5091",
	"PCLPFOOEIHE": "6729",
	"NNJICDAGANL": "23621",
	"CPPJFLFCIME": "25882",
	"BOFPLKINNKN": "20928",
	"HPHOLIMDBDB": "22909",
	"FCEKIADHJJF": "29845",
	"HLNKABHNIPK": "3251",
	"HFHOBHJFBJN": "20915",
	"PJDBLNLJMLL": "29584",
	"PBMDMOAMPBF": "6847",
	"FGKFODJEFOO": "22620",
	"CMOMIHLIOCK": "4511",
	"NAMNJKIFCCG": "1644",
	"OLPFOAFHFCL": "5493",
	"BIDLNGODOIO": "29073",
	"FAAFMADPHOP": "21865",
	"MGICKDBDFFG": "6630",
	"LLLPFHIILOP": "22303",
	"HELMLAIJDHM": "448",
	"FGMFMKAFAPN": "3749",
	"IFBNFAHNPBM": "26071",
	"HMIBMPGPODH": "27222",
	"DKDFPEJPPFO": "23876",
	"HBHPADELJOO": "5906",
	"GFADBJBBJME": "26356",
	"OJOJOIOBDLH": "991",
	"GPAIOLOGKCI": "25677",
	"ANJKLJOONEP": "7340",
	"ECNNJHCNNND": "7845",
	"MIIACCOLHIK": "23409",
	"DFCBIOHMAMK": "7589",
	"DHJMICGMJMH": "26856",
	"BPBGLJFDOHO": "2479",
	"CKIEEEFNBCN": "25035",
	"DBCMPHNMBKJ": "27402",
	"IBBCLELENCF": "25985",
	"JOPGCOINGEJ": "9499",
	"GNIHGOEOILM": "20302",
	"BJAAFCCDBDK": "25115",
	"NCJIGDCCJHJ": "3695",
	"GDOIJDBBHGB": "25299",
	"GIACLNEMKOD": "29344",
	"DIKDCJMENBE": "3110",
	"INLKOLFJEFF": "2961",
	"MJFKHIKHBPF": "25970",
	"PHCEAGMOFIL": "5282",
	"ONAIPHNJAFH": "6947",
	"MHOODPOEGKJ": "26805",
	"DALMAOCOBBL": "29573",
	"HJMPFHDBBAG": "1107",
	"LGNGOGJLMHA": "1542",
	"OFCGJGLNBND": "23361",
	"LGCEIHEFBNE": "29377",
	"OICOBBGACLG": "4946",
	"EKHKJCDDLPM": "24420",
	"HNAEGOAAKDC": "24571",
	"DAKLIIJCEMD": "4223",
	"BNMAIBNNCKH": "1287",
	"FKBBGIPMDJB": "4121",
	"LLBLEKEIFGK": "7774",
	"MLGKMPAAIOD": "22665",
	"NJECDEDHKKK": "20377",
	"EJHEHMHDNGI": "347",
	"LKEAKCLGCLP": "25927",
	"GPBOHKMBFIB": "27167",
	"KEIJHJOMKOF": "20011",
	"OPKDCOBMADL": "4892",
	"GCHMFBOHDCL": "20814",
	"BMGJNKDAMKL": "29897",
	"OOPKGDPNIEC": "7356",
	"KJJCMEBPAPK": "25288",
	"JNNMHLHCCCP": "2698",
	"MEGLDBAFLDG": "27282",
	"IGBLGNABIBI": "1026",
	"PDJOCAEIBDK": "29032",
	"EOMEEPICOBP": "28377",
	"BJDCAAJCPJE": "7784",
	"MLDMOKBEGLD": "6750",
	"LGBMHCJLLLJ": "23821",
	"FIHCEBLBADA": "29147",
	"EKGBMEBJCDI": "27108",
	"CJCMODILOOM": "6522",
	"HFFFIKOMFPH": "3316",
	"EBBHINKDGCK": "24799",
	"MOMKMKPPOMP": "20872",
	"CGFFKOEOBKF": "725",
	"BBKCCBNMLDG": "20386",
	"OIECBIMNGID": "3685",
	"LGFIDNMHACO": "21707",
	"IAPDODMLCGB": "28946",
	"OBFJIKHHMLK": "143",
	"PEOLFJKBDCK": "20925",
	"DIBBBFBILOJ": "3388",
	"CFKIICMLPGA": "8984",
	"NDNNHAEIEIN": "20045",
	"JJIIMLNCPFP": "2183",
	"EIAIAIGIAKB": "9697",
	"KGJMFKOJFHN": "5665",
	"AGDJCJHFDOM": "25449",
	"KJINKJEOKBB": "29444",
	"PFPMJHNNCGM": "22490",
	"CDIOFAJEIGA": "7877",
	"IJDLMGPBJNJ": "8516",
	"ALEHBIPDPME": "9764",
	"CIMDIONEDFD": "7490",
	"ICMEAPPFLGF": "28480",
	"NBKBMGOKLDO": "7344",
	"NKIIFECJCNM": "7588",
	"FAIABOENMFL": "29189",
	"LGJKLAKMPHE": "3004",
	"HLDOBONENPK": "3333",
	"CGNMPPKKJDF": "28067",
	"EFDFBADMDJB": "22335",
	"MDCNEJOAPJC": "6563",
	"CNGPMCFJJHI": "22781",
	"OKGHHNFKBAN": "1226",
	"PFCPKPFKGFH": "5881",
	"FHKLPCBMFOF": "26971",
	"BFKEAMNCGHM": "27736",
	"NJDCFFEJPPH": "6216",
	"JDDFNNPLEBA": "24333",
	"BBGPPJCLKDD": "2813",
	"BFBMPFLHPDF": "25459",
	"DJBPDIFLICA": "28549",
	"CLCMPGNEFLI": "4140",
	"LDMIFDNOHJD": "20755",
	"HANDABNJNFB": "25593",
	"GALDPKFGMID": "25412",
	"IIEGDFIGDFC": "29620",
	"FEOENHNFKPP": "25649",
	"CPPNAAHFPCE": "25248",
	"HJOLDFLEOKN": "29191",
	"KKBAKDEPLML": "24404",
	"AFGOCAEKCMK": "8804",
	"KAEFKOLIFCC": "3959",
	"NLKILGOPGFP": "6650",
	"KNCMFIJEBAG": "28208",
	"MCPKKDCGPBF": "5042",
	"OBELPCKMCPO": "8145",
	"GJPJAMGGHNO": "8662",
	"OAHMOICCDED": "1302",
	"LLMNNLDJAJP": "4308",
	"NEKBFBICHFK": "22262",
	"AOABEBGMBIJ": "21155",
	"OLEMCDOPEDC": "4852",
	"IFPIOJMNCKJ": "27428",
	"EINDFLJFHCL": "22667",
	"CJCNCOOEJNC": "4639",
	"PCCCECDHBML": "8901",
	"LAGBENCCKCG": "6091",
	"CAKLFLCCJCO": "1385",
	"PJANOHFCLKD": "28904",
	"LLCIAHJDAKK": "824",
	"PKFGFDBLCGN": "25036",
	"FNJBPAKHEPB": "22553",
	"BBICHIBDLID": "20271",
	"GEMHKKODOLF": "28284",
	"JOKEPECEDIG": "898",
	"CCMGNEMDLKO": "7794",
	"OOAMEANGFPB": "179",
	"LAMLDNKCILK": "23981",
	"MPFPLGMOGCC": "5186",
	"FHEIADBBEAJ": "23487",
	"JMNPLDDEPFK": "28823",
	"PGNBLIJFIKC": "1482",
	"OLFFLJMAHHH": "2718",
	"ALEMHHLGEKE": "2865",
	"BOEOCLOHKLP": "1351",
	"OFDKCIICFBI": "8979",
	"FHAAJGNAKPB": "27400",
	"KGIHNJMOHDL": "5325",
	"JBHKKPDNMOI": "6467",
	"EICJDLIFNMD": "2838",
	"POLGAELBPKP": "27223",
	"IFILDOKLGPO": "26508",
	"OCEKHGHJKCB": "26673",
	"IDMGELBAOEE": "5395",
	"LDOLKKLKKFH": "29495",
	"IFLDIDFBPHM": "4478",
	"CCHKNJJCDPP": "6",
	"KEEMNMHNNFJ": "2582",
	"DGKBIJMBNNO": "9822",
	"PDOMDHLBNOJ": "7760",
	"EDDBFFEGOLC": "22349",
	"NOIOBDBIPPF": "1975",
	"PPMBHIPHLCM": "7957",
	"CLDBCCNEPDB": "20289",
	"FIAGGKKILDL": "7090",
	"KNIGOMPCICK": "23662",
	"DPAALNFLJMH": "28577",
	"PDJOCDKCMFN": "22599",
	"LNDCHKLAGJC": "8966",
	"CPPHBENLCGE": "24907",
	"LHNGEDHCNHO": "9400",
	"NJLDPACKBKK": "9799",
	"OPGBANKBKFK": "8734",
	"MHFBAONCCJJ": "8855",
	"OHINAGJDHCF": "9901",
	"GIFDJCEHFGK": "3311",
	"INIPKPHMAHJ": "1849",
	"BGCKLEPPKAP": "26810",
	"HKNFCFCCCBP": "8665",
	"KEGGDFCGNBE": "29072",
	"MCEEJNNBHIB": "7438",
	"MEJGBEPIOBO": "5827",
	"EBJOECGGGLB": "22823",
	"JADCLDGAGNA": "2027",
	"JBFFIFPLGBC": "25933",
	"HDLIDGFCJIF": "23739",
	"WindSeedType1Notify": "24525",
	"WindSeedType2Notify": "28053",
	"WindSeedType3Notify": "21443",
	"ElectroherculesBattleSelectDifficultyReq": "2290",
	"ElectroherculesBattleSelectDifficultyRsp": "24905",
	"MCKNMKIPMGD": "21188",
	"OBIBAEDGGKP": "21219",
	"FIBLNMKNGJC": "6449",
	"IFHCOGBINEM": "5457",
	"PGCLLDEMDKA": "20325",
	"KCOOLHGDGNI": "4404",
	"OLDAELFKDHN": "27166",
	"GGKCDEBAGDK": "1325",
	"EBKJMCHFBLO": "5417",
	"PLKLJOJKAMC": "29264",
	"MBELJJFKJOG": "9729",
	"MOGMCKMFKNN": "26394",
	"HCJIPJCFGJA": "9659",
	"IMDLDDNCIDD": "21344",
	"LFLEHMCKKHD": "28844",
	"CMBDMDBNDMI": "6032",
	"NLPCHDGJJBF": "29677",
	"IGDGBECJEGF": "26982",
	"BGCHAGHLJAN": "29274",
	"CMADBNDCKMI": "4022",
	"BILAKINIBGG": "8859",
	"PLNNAIAGKIO": "20040",
	"OKIGMIDDECE": "29713",
	"ALBONMAOOMH": "372",
	"OMJEMELJAIO": "24204",
	"HHAOOIPJJPF": "29519",
	"IGDEPLLHDFF": "27193",
	"OEOECAPMMJI": "2113",
	"CLCLGDGJACH": "3419",
	"LHJIOFAEOMJ": "9892",
	"FLOFLFCPHEA": "5385",
	"NFCPLMHCEND": "22241",
	"GNFGEOBMPLB": "24411",
	"IKBLCKKEHIG": "29622",
	"GDNKGBKNBCO": "29975",
	"DFOMKDEDFOO": "9339",
	"PLGCENGLBIF": "3155",
	"OCBBMIOELCO": "319",
	"JDAFGGHAIIK": "2276",
	"LHLNNDNEION": "6306",
	"DKJHINOANIF": "28720",
	"CMALPGGJPLM": "21455",
	"LIGNJLJOJDL": "2525",
	"KDBEIDKJKKA": "3031",
	"PKBLOINIOKP": "29423",
	"OLGMEABCOEC": "740",
	"IBINBEOLHKP": "58",
	"HGENCKDDOPB": "6527",
	"EMKAKGLCEEM": "26275",
	"EENCHNADEFK": "21723",
	"LJCBLDJFKNM": "3182",
	"PBOJHKMCNMN": "28723",
	"EKGOMGALOHF": "8508",
	"IFPDAKNHNFC": "24507",
	"LLFEHGNPKBE": "24955",
	"CNKBMJOICCJ": "7372",
	"CGIJMJHMDIC": "6375",
	"LFILOODEBNJ": "24988",
	"CNEDIABCFFI": "8964",
	"CANMOPCFMIH": "5163",
	"PFHAJCMPNID": "2585",
	"ICCAGOFLHKP": "19",
	"KIOOBLMEBEM": "8818",
	"DIDDBIMKACA": "23656",
	"FOOLICBIGJF": "28070",
	"HHEFMKFHMCL": "9004",
	"FCDCIJBDCFD": "29326",
	"KBMJINEKFBG": "29994",
	"JKGNDHNFHGG": "27719",
	"MFBGONCOANE": "21602",
	"EKCNINDCJAG": "5789",
	"MNPOFBGIHLP": "5214",
	"FOEHHJDILNM": "5258",
	"KCBCJAAMLGD": "28715",
	"PABJDJFPJAN": "26596",
	"DGFHIHPKJGO": "24913",
	"MGOMGNDJECA": "24211",
	"ODGNPHPNAOD": "26983",
	"JHKOGKOPCCK": "20223",
	"EHCAENPKANE": "29514",
	"MBOCGNHKENO": "299",
	"DEGBFCEGPHN": "28769",
	"GFBJODMKGIF": "20661",
	"NHGKJMMFCBJ": "6007",
	"APEGHEJNFBE": "26968",
	"FLKJAFLMIAL": "29092",
	"JGOHNNADMID": "22376",
	"IKNPPGBMMEN": "20480",
	"LPIGAJMKONA": "26195",
	"JJINBANNOHI": "28685",
	"GAAHHLIGPJI": "28976",
	"JFABFMDDONI": "4583",
	"HEOCDHJOLJP": "20553",
	"JLJAJANOAMB": "3456",
	"GKONFBBCPEJ": "6433",
	"KIKBLNFALGA": "22168",
	"LFJBOCDCJHM": "3537",
	"MHJLLKDLIDO": "6465",
	"MBLEPFKICCO": "9180",
	"MKHFMOLDKHC": "20986",
	"MLBNPCJMFFE": "29926",
	"BGEMJPEIAJK": "9629",
	"KLLMEDJOFNN": "3003",
	"FHJFPNEALLH": "27368",
	"POOPHMGNOMK": "505",
	"OPANMAMMFAP": "5033",
	"LHKJGEHEPGD": "20191",
	"CHOFMMPAOJA": "6814",
	"JOFKOMHMGMK": "22896",
	"NMEAODHDJNL": "23512",
	"LBEKBENDKHD": "22541",
	"DAAPMGDLKCI": "8110",
	"EGHLMBKKCKF": "5134",
	"BICCDOKCLNE": "20858",
	"CPIPDGIEKPJ": "29581",
	"FCJCMJCKJHH": "5026",
	"DPDDIJGOADH": "5442",
	"BBGPONFKEBA": "21034",
	"IFBJFJNFAEH": "27709",
	"FKLOKOGGGPH": "23752",
	"HHIHHCEMIOD": "25397",
	"ECJCALIKNME": "21297",
	"FHPMKKHFOKL": "3872",
	"NMGGIPMAGKI": "26588",
	"GDAPOGMBGHD": "8309",
	"BLOILEFJDBA": "1486",
	"OIMGAGJMIHE": "24552",
	"FMMBCODALPH": "27320",
	"HMONBACKIDB": "28253",
	"BEIPLNDHMBB": "3076",
	"AAFCDGGKEME": "3381",
	"ACJOPOAIMLM": "20030",
	"IANDFECJDHP": "683",
	"HIKGOCEPBEO": "22006",
	"FCCNKHDEIGF": "26436",
	"CFLNOAKKPMD": "9367",
	"LNFBAAMPMLL": "989",
	"CMFANONELLC": "20037",
	"AGAHMCJFLKC": "1270",
	"PAIEHDFECPO": "20639",
	"JNLGBABKBDC": "1953",
	"CMFIKFIMCMM": "25413",
	"ECIGIDKJKEP": "26681",
	"PHFDPAICFIB": "20839",
	"AOAFHKEPKCI": "28318",
	"OMONIMGFOMP": "23322",
	"GILKKKJBKLI": "3014",
	"AMPFBMJOABF": "26295",
	"CGGBHLDCMNL": "20903",
	"BHIMABBNGJK": "2854",
	"NLOOFNHEMML": "6394",
	"DBFNANLHAPE": "6823",
	"KJBAAEEOMOA": "20365",
	"GBHOKJKBBEA": "6316",
	"EOLHEJKAOCO": "6748",
	"MCKFJNNOIGB": "2607",
	"OOGADCCGNDE": "1758",
	"IEELIIEBPBO": "29755",
	"FNIEPPGDALH": "23162",
	"EJPJOENDABM": "28995",
	"NIAFCPBFFLD": "3538",
	"MEONDKJBNHL": "123",
	"KCLILMMDOAL": "6217",
	"ICGEJLPBEBB": "4320",
	"OEHDAGAFPCP": "9452",
	"GJODKIEEFKJ": "9024",
	"KAKDOMFKHJK": "21430",
	"EFHEPKPJKHN": "24104",
	"OIEEHKNFEJF": "22264",
	"LDHGFLEOAJG": "21695",
	"CHFDPDLLIKF": "22588",
	"JMDMNDABGHJ": "3491",
	"BGDHFGNPNDN": "9820",
	"PAMCBGNLKBM": "22740",
	"FNCMLLGGBHI": "21094",
	"ENEIDLNAEIN": "26939",
	"KJBMEELEKDC": "8584",
	"BEAPPJLLACL": "20301",
	"JGGKCCAIDEA": "28309",
	"PPNJLLOBAKD": "7434",
	"FNIFIBBBJNC": "6534",
	"OFHFODCKMKE": "23777",
	"NKPKCOJCOFJ": "4202",
	"LGOIBJDGFIN": "5888",
	"NBMMHOOINHJ": "1690",
	"CCGIAJFEMPL": "28718",
	"AranaraCollectionDataNotify": "7423",
	"AddAranaraCollectionNotify": "25954",
	"CataLogFinishedGlobalWatcherAllDataNotify": "7378",
	"CataLogNewFinishedGlobalWatcherNotify": "1855",
	"AvatarAddNotify": "2089",
	"AvatarDelNotify": "3466",
	"SetUpAvatarTeamReq": "27894",
	"SetUpAvatarTeamRsp": "5102",
	"ChooseCurAvatarTeamReq": "26370",
	"ChooseCurAvatarTeamRsp": "20406",
	"ChangeAvatarReq": "3268",
	"ChangeAvatarRsp": "25733",
	"AvatarPromoteReq": "25923",
	"AvatarPromoteRsp": "20584",
	"SpringUseReq": "25243",
	"SpringUseRsp": "6094",
	"RefreshBackgroundAvatarReq": "4439",
	"RefreshBackgroundAvatarRsp": "26322",
	"AvatarTeamUpdateNotify": "9275",
	"AvatarDataNotify": "24251",
	"AvatarUpgradeReq": "5998",
	"AvatarUpgradeRsp": "5307",
	"AvatarDieAnimationEndReq": "975",
	"AvatarDieAnimationEndRsp": "682",
	"AvatarChangeElementTypeReq": "357",
	"AvatarChangeElementTypeRsp": "6674",
	"AvatarFetterDataNotify": "23393",
	"AvatarExpeditionDataNotify": "29154",
	"AvatarExpeditionAllDataReq": "4744",
	"AvatarExpeditionAllDataRsp": "7688",
	"AvatarExpeditionStartReq": "5378",
	"AvatarExpeditionStartRsp": "6254",
	"AvatarExpeditionCallBackReq": "8368",
	"AvatarExpeditionCallBackRsp": "7282",
	"AvatarExpeditionGetRewardReq": "24375",
	"AvatarExpeditionGetRewardRsp": "27697",
	"ChangeMpTeamAvatarReq": "8849",
	"ChangeMpTeamAvatarRsp": "8504",
	"ChangeTeamNameReq": "863",
	"ChangeTeamNameRsp": "23087",
	"SceneTeamUpdateNotify": "5835",
	"FocusAvatarReq": "28289",
	"FocusAvatarRsp": "20633",
	"AvatarSatiationDataNotify": "6275",
	"AvatarWearFlycloakReq": "25883",
	"AvatarWearFlycloakRsp": "24346",
	"AvatarFlycloakChangeNotify": "2786",
	"AvatarGainFlycloakNotify": "3655",
	"AvatarEquipAffixStartNotify": "20123",
	"AvatarFetterLevelRewardReq": "8790",
	"AvatarFetterLevelRewardRsp": "932",
	"AddNoGachaAvatarCardNotify": "9529",
	"AvatarPromoteGetRewardReq": "29282",
	"AvatarPromoteGetRewardRsp": "7224",
	"AvatarChangeCostumeReq": "25195",
	"AvatarChangeCostumeRsp": "9962",
	"AvatarChangeCostumeNotify": "4214",
	"AvatarGainCostumeNotify": "8677",
	"AvatarChangeAnimHashReq": "20581",
	"AvatarChangeAnimHashRsp": "25301",
	"PersistentDungeonSwitchAvatarReq": "9839",
	"PersistentDungeonSwitchAvatarRsp": "24502",
	"AddBackupAvatarTeamReq": "21738",
	"AddBackupAvatarTeamRsp": "5377",
	"DelBackupAvatarTeamReq": "24110",
	"DelBackupAvatarTeamRsp": "29545",
	"AvatarTeamAllDataNotify": "5054",
	"AvatarRenameInfoNotify": "22299",
	"ItemRenameAvatarReq": "9321",
	"ItemRenameAvatarRsp": "22271",
	"DGONPJHMNNL": "289",
	"HNGLJKIOOAK": "21239",
	"FPEEONAPBPJ": "25535",
	"AEFGLFJENNG": "7093",
	"KGPHFJEBGGA": "5135",
	"MGBPFEDPFBF": "20212",
	"BattlePassAllDataNotify": "6398",
	"BattlePassMissionUpdateNotify": "8829",
	"BattlePassMissionDelNotify": "29375",
	"BattlePassCurScheduleUpdateNotify": "22986",
	"TakeBattlePassRewardReq": "28264",
	"TakeBattlePassRewardRsp": "8754",
	"TakeBattlePassMissionPointReq": "22146",
	"TakeBattlePassMissionPointRsp": "3560",
	"GetBattlePassProductReq": "3267",
	"GetBattlePassProductRsp": "7775",
	"SetBattlePassViewedReq": "4527",
	"SetBattlePassViewedRsp": "28752",
	"BattlePassBuySuccNotify": "2619",
	"BuyBattlePassLevelReq": "4630",
	"BuyBattlePassLevelRsp": "20272",
	"GetBlossomBriefInfoListReq": "29405",
	"GetBlossomBriefInfoListRsp": "28809",
	"BlossomBriefInfoNotify": "8994",
	"WorldOwnerBlossomBriefInfoNotify": "20849",
	"WorldOwnerBlossomScheduleInfoNotify": "2757",
	"BlossomChestCreateNotify": "27102",
	"OpenBlossomCircleCampGuideNotify": "1195",
	"PrivateChatReq": "9675",
	"PrivateChatRsp": "8530",
	"PrivateChatNotify": "6349",
	"PullPrivateChatReq": "23698",
	"PullPrivateChatRsp": "3924",
	"PullRecentChatReq": "28137",
	"PullRecentChatRsp": "29621",
	"ReadPrivateChatReq": "8926",
	"ReadPrivateChatRsp": "24765",
	"ChatChannelUpdateNotify": "9362",
	"ChatChannelDataNotify": "24284",
	"ChatChannelShieldNotify": "6566",
	"ChatChannelInfoNotify": "27824",
	"HMIACMGLFDB": "8436",
	"HJKLFHOAMDC": "28372",
	"DLEAIFJFMGO": "27505",
	"FBNBHJLOODJ": "28644",
	"ECBDKGJFHKC": "8726",
	"DAOHNGMOEJI": "8909",
	"GOGKKLDFPDP": "667",
	"PNGAHGNKIMI": "5311",
	"JPFPBGCCHFA": "4256",
	"CICHMNLGCFC": "6414",
	"CMBPJNABJBH": "21452",
	"LFMNJBNOKGO": "22469",
	"MMNJMMAKFDF": "8231",
	"DGAHEMNAMHJ": "5782",
	"MBMNKOMLDHJ": "9662",
	"FLIJMMNBBKB": "28554",
	"DFDOFOHMGJJ": "21664",
	"OJCJJCIJLNC": "21983",
	"IPPEHJPNGLF": "3595",
	"FCJDHGEKPPN": "27702",
	"EKMOCLJAAJC": "468",
	"FKDJAEDFOPB": "24918",
	"NNEHHOHMDBA": "28311",
	"GFDGKLPHOAP": "9023",
	"LDDPANPHMEP": "29477",
	"ALFIDBBDLBH": "238",
	"HHGJNHNGECH": "27219",
	"GBLLNIKJILM": "20800",
	"MKLPECLFMOO": "24975",
	"JGGIKNBLDCD": "22544",
	"BBJNJCDKIPG": "24171",
	"PBMCNKAMKHM": "9726",
	"PFBPFLDDADP": "5559",
	"DADACLBKMAI": "21618",
	"JEEEBDDCCNC": "5713",
	"JOEHBBJNINH": "29608",
	"HAKOMBPKBIF": "900",
	"OJOGMLPEJAE": "2759",
	"EHPJHEJFHNH": "22357",
	"BILLDHMMBLA": "415",
	"BMJMOFBDHIK": "4933",
	"MMFEIDFCGJE": "25941",
	"PJIEIDODNGG": "638",
	"GAIABNBGAEM": "23729",
	"DABCFHGMJNP": "2019",
	"PAHAJHPCAAB": "27415",
	"FBGKAMHDKNE": "20862",
	"DDHEOCEHOCE": "9580",
	"IGPIHLCABMO": "22047",
	"PDJNMACDGBB": "23343",
	"AFBNELKODJO": "21555",
	"IHHLFMMLFGB": "6803",
	"FMEIMLILEML": "27980",
	"CPGAGNDMKIB": "3612",
	"JLBMCLGGMEN": "26986",
	"HDMEHJGGKIE": "205",
	"IFAOHKPCELH": "926",
	"NFEGKPDMCNF": "7060",
	"FHJMPKFNEIP": "24852",
	"IIHKDGGKECG": "1546",
	"JJGDJJJLAFP": "28864",
	"BNJKPFPNNLF": "28587",
	"GFDBBABOFCG": "22979",
	"GEAGBEGNKCE": "28219",
	"GBBINFHBFAJ": "29935",
	"MJEBBCLNCNM": "27567",
	"FKLHKLGMHCB": "8928",
	"BIOFBHNAIAM": "2783",
	"JHLJNFEFGPL": "20754",
	"BMDILLFHLKF": "5799",
	"PBNNECMBPDM": "9971",
	"LIJFGFJIDKB": "28889",
	"BINEEFEHGNB": "21973",
	"NJBJNABIOAO": "27889",
	"CLMCDDKLHHD": "1031",
	"HACBHECDPDL": "2670",
	"POFDPECKOKF": "21108",
	"NOLCKEDHCLC": "21531",
	"KGEHFLDNEGP": "28360",
	"LPIKAANCKCO": "28267",
	"JCMMAIBIEGD": "3371",
	"OMFDKKLNAAM": "6771",
	"LGBEAJBIBCG": "9627",
	"OMGMHGADJCI": "20919",
	"IINADLECAGK": "6412",
	"EJIFAJJOKGH": "26638",
	"PEDHKMDONFH": "9583",
	"DPNOLCEDKMF": "25827",
	"LGCAIBHOFCP": "25371",
	"PMKKCGABJLB": "8507",
	"CAPEDLBEHJP": "7569",
	"CPEFFAGNIPG": "5167",
	"FNNPHHGBJCK": "316",
	"HIAGFADFGHP": "135",
	"AOPPPLDGCCB": "9547",
	"DOLDHHMKHKF": "25394",
	"DungeonPlayerDieReq": "6360",
	"DungeonPlayerDieRsp": "25214",
	"DungeonDataNotify": "711",
	"DungeonChallengeBeginNotify": "6633",
	"GNJLAIEFBPP": "29742",
	"ODLKFGBOBOB": "4252",
	"NKBBHNPKOJL": "4350",
	"NEGHEAPIKIJ": "8520",
	"ICJKFAKNMJF": "26222",
	"DFCOMCPOGLC": "25875",
	"OLNGHIIKEMM": "22031",
	"KELAPBMMAHB": "25181",
	"LKAMPMLEBFG": "4447",
	"KKHDDHMOIBK": "27332",
	"KGOEKFGDKKI": "21507",
	"CGFCJEGHKAD": "22338",
	"PIKDPGBHOHL": "26268",
	"POKDIGLBJEA": "21070",
	"CLNPPBPNJEO": "8105",
	"IDNFGNOHMBJ": "7985",
	"MHLKPFNOPKJ": "2669",
	"GFKJBPLFMAL": "6092",
	"NHELFCCPPMH": "706",
	"KCLOMDEDFIA": "2068",
	"OOMLMNHLHAK": "20073",
	"JCOPLCGKKHB": "24581",
	"LDDIIKOHPIN": "946",
	"MLBAMFIMDIL": "25990",
	"ABOHMIMGOJI": "20197",
	"BBODLDNKKAH": "28879",
	"CCMHCIMMKCN": "27283",
	"KBMOKPGHOPF": "1395",
	"GOHEONEELDN": "2423",
	"KJPNEONEMLB": "4712",
	"DJLDKKEEJBM": "21499",
	"PJOOMMPIMDD": "4747",
	"IKPNLELKMND": "1390",
	"IILKDBIEEAI": "28739",
	"PNOJJKDDFDH": "22084",
	"ONLHNGKNNEF": "5968",
	"INNPDGFPBGF": "21885",
	"CECDNFMLODN": "8153",
	"DGFEJGDPEAF": "4166",
	"LODNIGHMLCO": "28306",
	"AJFJFNAMFFG": "3045",
	"DNBKFAIFEBI": "8510",
	"OEILAILICKL": "5057",
	"CHBHOOOMDAF": "27660",
	"FOAICGMNAIM": "22948",
	"PFCGJHJALGL": "29691",
	"PADANJKLJFD": "21642",
	"HostPlayerNotify": "26380",
	"EvtDoSkillSuccNotify": "7555",
	"EvtCreateGadgetNotify": "7831",
	"EvtDestroyGadgetNotify": "65",
	"EvtFaceToEntityNotify": "23086",
	"EvtFaceToDirNotify": "28299",
	"EvtCostStaminaNotify": "4750",
	"EvtSetAttackTargetNotify": "20615",
	"EvtAnimatorStateChangedNotify": "25824",
	"EvtRushMoveNotify": "20913",
	"EvtBulletHitNotify": "9823",
	"EvtBulletDeactiveNotify": "27013",
	"EvtEntityStartDieEndNotify": "22516",
	"EvtBulletMoveNotify": "5739",
	"EvtAvatarEnterFocusNotify": "27156",
	"EvtAvatarExitFocusNotify": "905",
	"EvtAvatarUpdateFocusNotify": "786",
	"EntityAuthorityChangeNotify": "1602",
	"AvatarBuffAddNotify": "9309",
	"AvatarBuffDelNotify": "8458",
	"MonsterAlertChangeNotify": "3144",
	"MonsterForceAlertNotify": "5461",
	"AvatarEnterElementViewNotify": "20237",
	"TriggerCreateGadgetToEquipPartNotify": "24644",
	"EvtEntityRenderersChangedNotify": "27478",
	"AnimatorForceSetAirMoveNotify": "2491",
	"EvtAiSyncSkillCdNotify": "22295",
	"EvtBeingHitsCombineNotify": "23223",
	"EvtAvatarSitDownNotify": "373",
	"EvtAvatarStandUpNotify": "8420",
	"CreateMassiveEntityReq": "7488",
	"CreateMassiveEntityRsp": "1435",
	"CreateMassiveEntityNotify": "23016",
	"DestroyMassiveEntityNotify": "2026",
	"MassiveEntityStateChangedNotify": "9917",
	"SyncTeamEntityNotify": "21584",
	"DelTeamEntityNotify": "28150",
	"CombatInvocationsNotify": "4643",
	"ServerBuffChangeNotify": "7658",
	"EvtAiSyncCombatThreatInfoNotify": "3432",
	"MassiveEntityElementOpBatchNotify": "1864",
	"EntityAiSyncNotify": "7015",
	"LuaSetOptionNotify": "9589",
	"EvtDestroyServerGadgetNotify": "27417",
	"EntityAiKillSelfNotify": "4912",
	"EvtAvatarLockChairReq": "381",
	"EvtAvatarLockChairRsp": "110",
	"ReportFightAntiCheatNotify": "24651",
	"EvtBeingHealedNotify": "9323",
	"EvtLocalGadgetOwnerLeaveSceneNotify": "7895",
	"EnterFishingReq": "21089",
	"EnterFishingRsp": "24132",
	"StartFishingReq": "2999",
	"StartFishingRsp": "22998",
	"FishCastRodReq": "28388",
	"FishCastRodRsp": "965",
	"FishChosenNotify": "25391",
	"FishEscapeNotify": "9899",
	"FishBiteReq": "27004",
	"FishBiteRsp": "656",
	"FishBattleBeginReq": "2608",
	"FishBattleBeginRsp": "8587",
	"FishBattleEndReq": "701",
	"FishBattleEndRsp": "7516",
	"ExitFishingReq": "23692",
	"ExitFishingRsp": "25143",
	"FishAttractNotify": "23018",
	"FishBaitGoneNotify": "3278",
	"PlayerFishingDataNotify": "23940",
	"FishPoolDataNotify": "9398",
	"GetGachaInfoReq": "22791",
	"GetGachaInfoRsp": "27309",
	"DoGachaReq": "8791",
	"DoGachaRsp": "1372",
	"GachaWishReq": "8656",
	"GachaWishRsp": "21619",
	"GachaOpenWishNotify": "1685",
	"GachaSimpleInfoNotify": "4113",
	"HAOMGBPAFFP": "26154",
	"GadgetInteractReq": "29611",
	"GadgetInteractRsp": "5232",
	"GadgetStateNotify": "29582",
	"WorktopOptionNotify": "8771",
	"SelectWorktopOptionReq": "25858",
	"SelectWorktopOptionRsp": "24214",
	"BossChestActivateNotify": "7228",
	"BlossomChestInfoNotify": "21552",
	"GadgetPlayStartNotify": "27366",
	"APMAANJDJBO": "6832",
	"BAPHFINNIPI": "21061",
	"DCHDNLNFLJB": "22283",
	"HIKDJAGDOEM": "3925",
	"FOGFLCCJLGI": "7032",
	"ENHHJOAMBIK": "3494",
	"CAFLLIODBHH": "27362",
	"HJENBNIKFIL": "20085",
	"PJOJDCOBBIA": "6450",
	"OMBMOJIEAKB": "6828",
	"EGAGOJPBJEO": "21497",
	"BPAFINAPANN": "527",
	"COOKAOBIHFO": "23026",
	"MMPNINAGOAJ": "27718",
	"NGCNEHDFJID": "25304",
	"DFPLIBEPHLH": "982",
	"MHMCCKKJOOH": "97",
	"AFAMCFLNNDN": "5788",
	"MDMCCCKAJLA": "20514",
	"PKADPBPIIBK": "5333",
	"BLJCNKGMAHD": "6844",
	"JCBJJMCKBKP": "24106",
	"GILDCMMJBLH": "2986",
	"ELPPBNGMDMO": "27346",
	"IPKAJEAJCJL": "29315",
	"OPHBJJKJDHD": "26229",
	"GMCONBFFBGE": "28795",
	"AHAPMIHEJKB": "22718",
	"DBCADLFANEE": "23493",
	"KICFCLHECFH": "8047",
	"MJAIOBLJPLH": "9773",
	"NOLNNFCBBGE": "23266",
	"NJJNJJMECAO": "21134",
	"DOKGAPHNIJD": "26101",
	"JBCANHOMGKN": "792",
	"GGFADIDMFPH": "29180",
	"EMDNIAGNLLJ": "28385",
	"HJMBFEONKPJ": "7021",
	"CAOOOOLPBMI": "649",
	"LMHPIJHEHJH": "23366",
	"KFIBNCCABHF": "29467",
	"NNMKHCHIEMB": "28339",
	"LPAJMPOCMEL": "590",
	"GKFINDLMPDK": "24441",
	"CGFCCHJBCBG": "23200",
	"FOJACFPJPBI": "9366",
	"JPIFJMCILGK": "26910",
	"MBFJNCJNKHO": "20658",
	"JALIHKNGPPK": "8838",
	"MFBPNFNABCD": "28228",
	"GLNELBAJPFJ": "26727",
	"ONPKNKAAKDF": "23717",
	"LBANLFONPCH": "28380",
	"PNCGCLEAIIA": "22728",
	"NIBNIFAGDAE": "6952",
	"HOGOOMLJPBL": "2003",
	"FEBCPIDKJFP": "5340",
	"GLJABMCMFOG": "5787",
	"FHBOLNHJBJH": "6345",
	"BDEHHLPNGIO": "2435",
	"HMHHCGFKBDK": "9922",
	"GMKNKKAOLAE": "27058",
	"NGJPABCIFNE": "6731",
	"AFELFNNJNEB": "24736",
	"BCCGHAOFCBN": "746",
	"HNLKNOPGDKN": "4924",
	"INAILMJNLJF": "24682",
	"NHKPBNCOEBP": "3854",
	"BGNNAJDIBKO": "23386",
	"JBBDIJCLMKH": "1336",
	"CHLKLLFDHJL": "5860",
	"DBEIBJDKIIC": "24788",
	"AIMIMONPKJF": "2524",
	"PGCPBHMNGOF": "382",
	"PDOLHIGECLL": "7701",
	"NHGFGPKGLOH": "20932",
	"KFKIDPBHGNK": "21264",
	"LOPCNAIGIPA": "24648",
	"HBALAHAOEHD": "20635",
	"BPPDEGKBAAD": "25775",
	"LPDEPOMJMJE": "27232",
	"NEMMPAFJFHI": "6890",
	"GKONHFGCEJG": "6720",
	"FBONNMMAKEI": "4609",
	"MJOBHIONEEJ": "1995",
	"OLKDNAIKFFF": "748",
	"CAHJMDDGENP": "9223",
	"FOJBPDONOMO": "9491",
	"OGIIBAAMPHE": "6747",
	"OIMMOIODOIJ": "1594",
	"FHFNFKJJDLD": "23919",
	"FGGKPPCGCAI": "23516",
	"CMFNCOONGKH": "25472",
	"JBDBIFBFDAM": "24267",
	"LLCMGLOLDNH": "27016",
	"MIBCHPFKNOO": "3940",
	"JLCJNHJNLAD": "9835",
	"JMHFHKEFIII": "27532",
	"NBPCKJDAPMN": "25684",
	"NHDBONKOMOL": "23576",
	"NAFICEBNGNL": "28305",
	"AFEKBALHGED": "21468",
	"HMLEKDFAKGO": "25136",
	"KFOHPLNGJEJ": "21080",
	"ENDJDOBJIJC": "26046",
	"MOEIMLBJFIH": "4268",
	"BFOCPEOCNHA": "9730",
	"LFGLCHLAPBA": "5669",
	"EIEMIEPJGPD": "9555",
	"OBDHIPNKOAH": "28314",
	"MOPOLMAIOCC": "842",
	"KMKKODIPOKK": "23312",
	"KLHMGLNBFEN": "1465",
	"MPBMHLPOFDA": "6270",
	"JNLIPJDFEJP": "8059",
	"IAJPKKKAOEA": "25310",
	"JKPPBLOIMNM": "26346",
	"HJIPENAONFF": "3843",
	"GBEINCKCBOM": "7392",
	"AHGJOHCBDBF": "29022",
	"EKOCPDNLDNH": "20540",
	"KALBMIAPCBC": "21237",
	"OOLHJMIMLAC": "39",
	"KLKGJHHJKBD": "26589",
	"EOOMDDPNBFK": "9253",
	"DPCMHJLKFEN": "4361",
	"MGIIOOJNCNN": "29536",
	"CODNBKNFPCG": "4229",
	"FCFEBBMBMFO": "28167",
	"AOFNLNHMMOP": "22926",
	"KEDLNMNKMPJ": "29410",
	"BFANKIKMEBM": "897",
	"IBGBLNEPCEE": "7169",
	"DDCJGKOBIGL": "7186",
	"NBMOHONIOBD": "21840",
	"MOLFLOBKFPL": "24263",
	"NNKALMOPGPF": "23056",
	"JBGIGIIBMDP": "29623",
	"IBHCGCFGLAD": "4842",
	"OPNGDJJIFFB": "20557",
	"OKKBAOPENOJ": "25398",
	"BNFFBENHFPB": "25746",
	"JADBIIIFJFG": "27314",
	"ALNFMAFCBFK": "6445",
	"NEKJELPHBMP": "5490",
	"GNNDKBNHLNE": "7137",
	"KECFKGCAIOI": "27481",
	"KAECNNGJIHH": "5901",
	"JOPICPFAEGP": "6662",
	"BADNAONJEEE": "29331",
	"GCBIGIKLIFI": "1094",
	"HLAEHEGGAKA": "1293",
	"KIPOCBAEJHL": "24945",
	"AFJCANIJBIN": "9624",
	"MOFJNEMLHDJ": "8973",
	"HFHCIJIMLLF": "27155",
	"HNEBLEMOOKM": "7480",
	"LCHEBJADOFI": "29775",
	"LNLICHGDAAK": "847",
	"ICHLAGKAJNE": "8046",
	"FKAHEEMPGJI": "1930",
	"KFLHKHKDJII": "4695",
	"OAPKIMMJEKG": "1191",
	"JNDEILOCOOE": "4883",
	"DJIFBBCOLJK": "25043",
	"MMGLBIAMPFF": "3673",
	"EMMECJFLBLM": "7384",
	"OBMAPFJGKNN": "9428",
	"PNMMNDLHMFD": "29005",
	"AODLEMHANLM": "6884",
	"LFAENOLAAAI": "22475",
	"NPKMLJLAOFO": "7470",
	"AFCGHACKLAJ": "8858",
	"LEKLLOADGNK": "21565",
	"NIJBNCPGJBH": "22389",
	"DGGDIKEHMFL": "23759",
	"GFGPPAEFKGC": "2453",
	"AHOCKLDDAIG": "9191",
	"JAAMIOCOIPE": "29150",
	"HCIKDDKOLHP": "2972",
	"FEIFLCJAOGD": "8015",
	"FBBBJBJDEAN": "5660",
	"OOIBHANGJBO": "1764",
	"ALADHJDFGDH": "5810",
	"MMPLFOEAHNK": "6484",
	"EEBFDCMPIPJ": "692",
	"MINDGJLEFEH": "28906",
	"NIBCHOKPFCO": "27880",
	"APOHGGCKIGK": "1709",
	"JMNFEMALAJA": "6683",
	"KFGKBJFOBKL": "2088",
	"JOGDJMEFDFN": "27138",
	"PELLIAJHDJA": "4398",
	"DEOGCNJGIGM": "24099",
	"IEMICGHDOPP": "25417",
	"PMOBMKBLPCO": "1679",
	"MOKEPOCPKKK": "26800",
	"EDEJCCPPOOL": "6543",
	"EECIHPPLANH": "7252",
	"JEDEKDNLIJC": "26543",
	"DBIDDFHHBCK": "1665",
	"HLAPNCKMHOC": "7348",
	"EBDDNKKFBKA": "8093",
	"JLLFOOPCCKG": "755",
	"CLOFAADHGEK": "3029",
	"GECBJKDJLCP": "9561",
	"OODBAGKNNGI": "1119",
	"NIKMNDKKGME": "1707",
	"PIBDPGKBFFP": "29117",
	"PEDJPOAKILB": "25825",
	"PEHDBGDECLJ": "1833",
	"DPKFPHNAKDK": "6648",
	"FJPDCECJHEC": "1899",
	"AIJPFJOJILJ": "20537",
	"PLEGPILDHNI": "144",
	"EAEKFEOPDKE": "3071",
	"DDMLDCCDBOD": "2974",
	"IBDDMKPCDFC": "8753",
	"JOGMGBHDIJE": "251",
	"LBDBGAJCDCB": "29270",
	"KAIKMBNEPNG": "24299",
	"EKPAIEIGAFH": "1984",
	"HDHDNJBFLJN": "262",
	"PALHPHAINLI": "29276",
	"APMDHGDFIPO": "3814",
	"GDOLLKCDKGO": "9961",
	"ANIPJAMNHJB": "8155",
	"GKAFIAPEPIO": "4659",
	"BIKIFFBNBAO": "25349",
	"GMDHKBHKNKP": "5482",
	"NJCIEJJCJCB": "3400",
	"KDMEDIBAALN": "25067",
	"JKAMPIGIJEJ": "23839",
	"ACAKAIFLLLA": "3198",
	"FIJFFDFPCBB": "22821",
	"BDBKBOPECME": "21054",
	"LMJBPOIDMFM": "28643",
	"FEHIKMPBENL": "23070",
	"GECPKADDFCN": "8810",
	"JPADPOBMAAC": "21226",
	"LLLBJOPHBNB": "8306",
	"CGBENKKBCHP": "20671",
	"HOLKBOBNILJ": "24276",
	"JLKCGEJGFOP": "5558",
	"BKNECCNGKFB": "1788",
	"JMDOMNFOFCL": "24838",
	"JBGBHMHMHAM": "8437",
	"PMCOKEPAPAN": "1029",
	"LLKHBPKHIBL": "23217",
	"NKJHOBGMPNA": "25197",
	"MNDOJFDGANM": "28920",
	"CCKMGBKCHLC": "5430",
	"DHAJDENGFAO": "24368",
	"BLOMGLMMOGA": "6492",
	"LGPLINHBNLL": "22690",
	"KFEHLDIEDCI": "22642",
	"HCEDCKAKLAF": "20379",
	"KELOLLEHCBF": "1600",
	"HDNKADOGFCA": "8010",
	"EDBNGIBKNGC": "21137",
	"HOBAOKFJFAO": "27404",
	"HDAIGKCNCAB": "22861",
	"KECEAOJBKMN": "20558",
	"HKMDOGCDALA": "21911",
	"MEPCGEADODI": "5565",
	"MGNADMOCPFE": "2614",
	"HCMJKJMEGNG": "25223",
	"BEPNKDCIJGF": "23003",
	"GCLJBONDKAP": "21181",
	"KLDLCCOLINI": "28416",
	"JBDGAMFIDAN": "21879",
	"EADNNCKCJBH": "28966",
	"MDOOOHEPALF": "5929",
	"FJNJMGFMLAC": "26340",
	"FODPOBCCBCF": "29692",
	"BKMFEDBGODE": "7871",
	"PADEHDFALFK": "29781",
	"ODDLAMLNLNB": "510",
	"MDOEKFKOAMO": "28863",
	"BLFGKMKHPBH": "7817",
	"HNFKPDDLNNC": "29256",
	"CAPHNCAEPBI": "9998",
	"GGOMDHCMFPC": "6278",
	"JHHAMGFFAOO": "27212",
	"DKCINJOJBNI": "9613",
	"AGCJBPFEMEB": "1913",
	"GPGJLDBLADH": "21284",
	"JNGODCLEEEA": "9317",
	"BNGNGBHPHJI": "27664",
	"NIIKCNECFLG": "9531",
	"KDHBBLAAILA": "33",
	"HFGLOECGCEF": "21785",
	"PPKIANMMCOE": "7221",
	"DJCLIONHMJL": "28354",
	"ILGFMCOMAKD": "22064",
	"EFEFEOGCDEO": "7441",
	"EBAEHGKFNAC": "27245",
	"NEMBBJNDPPN": "28108",
	"BJLHKDOOJOI": "29091",
	"KAJEHGMGMOB": "5182",
	"CGPEIFEAOIK": "23497",
	"MDODPEMJOPN": "8837",
	"JHNLHOJBNCP": "9829",
	"HOFPBFIFHDN": "8965",
	"HDNNIBOCNCK": "8144",
	"NNDDHMJEPKB": "26654",
	"HGFDFKLNGMG": "6066",
	"IAKDHOBHDJE": "6307",
	"HBJBJOGKKEK": "7333",
	"PKINGNJGEFF": "22763",
	"LCEIAGGFEIN": "25760",
	"EMJIPFKLNCF": "1580",
	"MBDFKPPPOIC": "25032",
	"FHDGGJBNKML": "1305",
	"KNNINDHFBHD": "21554",
	"AMOPHIECOKB": "26871",
	"ELAFMKFDEKN": "1778",
	"HDOFMIONOOB": "26867",
	"NMHEFCHCIEM": "3807",
	"MDDNJGGPEMO": "23933",
	"HNAHBHPLCGL": "9277",
	"GHIAFPGLKCC": "26118",
	"ADHBCONLIOC": "2896",
	"GCILNMCHMLC": "20233",
	"EBAELJABIEP": "21105",
	"DHGDNKMPBIC": "4667",
	"IKNNIGPCIKN": "26650",
	"HKNPPMLHOMA": "27730",
	"HBOGFDEJBEI": "24902",
	"PDOOBHELDOO": "29529",
	"CNONNHAOKIK": "20288",
	"DPPIKCHIFAB": "7656",
	"AOJOJLLHMGA": "5198",
	"NJMLLADOCDC": "23281",
	"FPLOOLOLIFL": "28165",
	"MGGODBOIDFH": "20327",
	"ALBDHELKEBO": "577",
	"DCDBFMFKFAP": "1015",
	"LFCEBOMJIAN": "8061",
	"IGNKINJFJPG": "2730",
	"CGJJDJKKAEE": "27539",
	"NEFOIPPHNJO": "6274",
	"IACCICHJLGJ": "24997",
	"ECEHHNFFPIA": "2839",
	"OFFNLFKABJG": "25633",
	"ICCLAGBMAOG": "3747",
	"OLPLJNGBEPC": "3922",
	"ABIFANHPHDG": "1283",
	"AAIIFIPBHKG": "22509",
	"LHACLAJGJMJ": "684",
	"ALMFGHDIACI": "6725",
	"LJIFIPBDEHO": "22002",
	"MJHIDCBDHAN": "3117",
	"EFPGNDPGHHE": "28677",
	"EAJOHOEBOLK": "24454",
	"LOCJCLECJPC": "28865",
	"AHEAANOJOKM": "5815",
	"AJGEACOCNCM": "29640",
	"HPGJLPHEHFA": "5780",
	"FLILPEPDIHH": "8135",
	"AOHAGAJMNHB": "29526",
	"JNIAIGNOHMA": "9027",
	"BGNPJFLGNFF": "6421",
	"MLOMPAGELCH": "3692",
	"BFIAGJGPOEO": "29324",
	"JPCFEFIMKFJ": "20433",
	"MPKELCEAAFA": "27890",
	"ALKHBBEIHNC": "5215",
	"PDKPDKPDAGN": "8362",
	"LKBHOABOCHA": "22785",
	"CKMPPNCPEAL": "9143",
	"BDIOHHKMBPA": "7376",
	"OHIKIOOJKMM": "9219",
	"PCBIFPKLEMP": "5073",
	"DNFOOANFDII": "7729",
	"CBNBHBCPFMA": "4529",
	"NKIEALJGAKL": "9009",
	"BINJFBDEDLH": "28326",
	"IFFAAAADBCA": "4952",
	"AKGAIBBPGAA": "23794",
	"FAJLJFPHMBG": "598",
	"FODIKDCLMEH": "9170",
	"OBOKFJJJGAA": "7182",
	"JACPMJMEAHB": "23372",
	"KFFLLLKNMJC": "23088",
	"PKOHNNFOEJK": "7894",
	"ILADAHOIMBM": "5871",
	"NIIEPKIOGEI": "22554",
	"OIHKPOFCCGA": "20279",
	"OHGCPIOOJOE": "27881",
	"BOIACFPMLPG": "22636",
	"HJOHGLFIGHD": "25111",
	"NFPCCLKNHHE": "4222",
	"PFGMEDDMHOA": "25362",
	"CFMABKHDICP": "100",
	"HPDGFMFEOMH": "27957",
	"GIHFOPLALLB": "2188",
	"NPHIEIBIOIL": "8805",
	"IMHIIOBLDAM": "24224",
	"ANAIEABKGDD": "25141",
	"DCKEOJBJLMF": "287",
	"CKAACPHECGJ": "7963",
	"JGMOHCNKDNB": "5561",
	"BPBBOCAJCIJ": "6774",
	"IBKFJGOLIGF": "29209",
	"BCNCBPBMKNN": "20604",
	"IPOOJJMIGIK": "25566",
	"EDHAMGKJPHC": "20851",
	"MarkTargetInvestigationMonsterNotify": "1139",
	"InvestigationMonsterUpdateNotify": "6371",
	"InvestigationQuestDailyNotify": "20246",
	"InvestigationReadQuestDailyNotify": "5350",
	"PlayerStoreNotify": "9906",
	"StoreWeightLimitNotify": "21113",
	"StoreItemChangeNotify": "8149",
	"StoreItemDelNotify": "28608",
	"ItemAddHintNotify": "3131",
	"UseItemReq": "2534",
	"UseItemRsp": "20729",
	"DropItemReq": "23353",
	"DropItemRsp": "29522",
	"WearEquipReq": "24944",
	"WearEquipRsp": "5984",
	"TakeoffEquipReq": "27552",
	"TakeoffEquipRsp": "2216",
	"AvatarEquipChangeNotify": "20741",
	"WeaponUpgradeReq": "23464",
	"WeaponUpgradeRsp": "21925",
	"WeaponPromoteReq": "2451",
	"WeaponPromoteRsp": "24851",
	"ReliquaryUpgradeReq": "6618",
	"ReliquaryUpgradeRsp": "1278",
	"ReliquaryPromoteReq": "29159",
	"ReliquaryPromoteRsp": "27564",
	"AvatarCardChangeReq": "9108",
	"AvatarCardChangeRsp": "6453",
	"GrantRewardNotify": "4504",
	"WeaponAwakenReq": "20961",
	"GFPKLPPPGGH": "9748",
	"EDDDOHFBOGP": "26027",
	"DOJGAPFNKFK": "2984",
	"CombineReq": "27077",
	"CombineRsp": "26015",
	"HOJFPPLGPKD": "6835",
	"KIGEDIAEAAC": "29299",
	"GGIPANMGAHI": "29509",
	"JLBPMIJBBKG": "29380",
	"EHGAIJFPPKJ": "22702",
	"ELFCFOCLNFH": "26092",
	"HJBNOHOFGGL": "9437",
	"BKBBIBBMKHJ": "9450",
	"MINHFIAHLOK": "5407",
	"DKDMADLCKOF": "25233",
	"KDPBOCMDNEJ": "9485",
	"DJDDLBALFAP": "4270",
	"OLENODBBNIF": "27978",
	"ECNLMOAHPPO": "28287",
	"AHIBGDCBNEE": "20860",
	"PEHJILJKNCI": "2862",
	"HHIPGEDNKNE": "25548",
	"DCBFFLEIOLH": "27573",
	"CDEAHHNMJFO": "3746",
	"CBFHLAKIDPM": "9118",
	"DFGDECNPGKO": "24378",
	"PCHHOJGBAPD": "3061",
	"OHLDLFNKLOE": "21948",
	"CDFDLCKOLHI": "24437",
	"MNALMLHBCHP": "704",
	"OIJDMNCEOOI": "21302",
	"ACFMODANPJD": "4352",
	"GFHKEHOJKBD": "28754",
	"DKFMMNIMCJI": "1931",
	"CCKBFIBLNBH": "29892",
	"PKJCJADHPFE": "21903",
	"JKLDKCNAGNF": "27562",
	"GLLOJNFEOIG": "1909",
	"GIBKIMOFFCE": "888",
	"HJELFDOOLPO": "1246",
	"IOFAOCEHGDI": "9568",
	"COJDFGPPCOB": "24459",
	"DJAKDNGDAMF": "7814",
	"HBKBLHAGPAJ": "24800",
	"KNJABFEELID": "5209",
	"HMOBOBCEKHE": "27420",
	"MFOAKMEBBNI": "493",
	"FJBODFBGOJE": "1163",
	"ODINKEDPAFJ": "6548",
	"JDNECPBJBDE": "26324",
	"MPMMEKJIBPE": "22191",
	"JJDDDMLOOKF": "27575",
	"DPLPPGNFLKH": "26004",
	"KNLGODKLGPE": "2203",
	"OKMFKKEDLCK": "29580",
	"DBLHDGKMNCD": "4048",
	"NBFAJPOFCIC": "20894",
	"JCFCJJMHFJK": "3963",
	"LEKANFFBLPA": "8329",
	"IPPPIEBJHEG": "26245",
	"ODLCLCHABDM": "22906",
	"EKIFEBBIBCA": "1689",
	"NFPPLNLIPNJ": "8807",
	"HANPGLFJLEK": "21349",
	"BBEOAOKILMG": "4248",
	"DOMKGIFHJAF": "9077",
	"AEHNEEFCLHE": "545",
	"LEANKNBAPGE": "71",
	"KFCNJPGOOHI": "26219",
	"BKICGJKIMOF": "3067",
	"FPKINOCHHHF": "6898",
	"DHOMOMAHBBC": "22997",
	"HBALAFJMDAG": "29576",
	"GJOKCNCHEHL": "28402",
	"HBFNCFBKGLN": "4160",
	"CDIMLHKEMCN": "1793",
	"AGHGFIEIGDJ": "21890",
	"HNOGEMMJHKE": "28942",
	"DHIDNCGCFFP": "22753",
	"OMJBHLKDIIH": "4144",
	"HIPPKPNMDKK": "7599",
	"JHNINMGOPCF": "24977",
	"KKDBKNIBHDO": "8702",
	"NKFJCDACGMO": "4881",
	"LOOJHAHJCOP": "5408",
	"JKFLKNIFCBA": "20562",
	"FFOPBKDLNAI": "24484",
	"BPKPAPHIIJO": "5800",
	"JMPCJMFJGFO": "9495",
	"FMHMOGBCNIH": "6047",
	"IJAPNGFABOI": "3788",
	"PLPBIJMMDPF": "26753",
	"INNHPDDGAOO": "29310",
	"DHHPAPCAKAP": "6497",
	"PJEMBAIDOAB": "22981",
	"ECLCCDEKAON": "25527",
	"PEAADACDPNA": "27974",
	"NMFPFFIOIFL": "20005",
	"ECBHKINBIIE": "8429",
	"MGMPIDGIHBI": "27030",
	"KDNDPIPACKA": "3691",
	"PingReq": "549",
	"PingRsp": "20939",
	"GetOnlinePlayerListReq": "3976",
	"GetOnlinePlayerListRsp": "9942",
	"ServerTimeNotify": "5680",
	"ServerLogNotify": "26338",
	"ClientReconnectNotify": "4480",
	"RobotPushPlayerDataNotify": "22093",
	"ClientReportNotify": "8080",
	"UnionCmdNotify": "26538",
	"GetOnlinePlayerInfoReq": "1875",
	"GetOnlinePlayerInfoRsp": "27735",
	"CheckSegmentCRCNotify": "29560",
	"CheckSegmentCRCReq": "25604",
	"WorldPlayerRTTNotify": "6869",
	"EchoNotify": "4795",
	"UpdateRedPointNotify": "546",
	"ClientBulletCreateNotify": "20341",
	"ChangeServerGlobalValueNotify": "3085",
	"GmTalkNotify": "5753",
	"ACNHJKBDDAO": "2450",
	"IHBFEFALCMK": "26933",
	"ODOMCODKGGN": "28364",
	"CBIFMFNBFFM": "23881",
	"PAIHCGNKHMH": "8157",
	"BOLPIKFKFAJ": "9477",
	"HAJKBJOKDOL": "21464",
	"ALKFDFGCHOB": "7866",
	"NKKIFAOEIHA": "8140",
	"CLMPNHNCNBI": "26546",
	"HPMPIMLCMDB": "20068",
	"CLLNLNDLHJC": "3323",
	"HGNJKIFLALE": "25023",
	"FIPKNLPEPFJ": "27713",
	"BCOJHFDINEO": "6507",
	"CMEGEFBFIMM": "4791",
	"NPAIKADJNMD": "3709",
	"IMHJHADOIAO": "7170",
	"IFMECGLBHFP": "9851",
	"DLMCAKOFKKO": "26041",
	"DPKHCDJPIAE": "25926",
	"JNOJHDCNHDD": "28498",
	"CGNBLIGEAPG": "26624",
	"OFBEJKOFNDG": "26989",
	"CCBPEHCLJKP": "24432",
	"DKHPMCELCND": "2473",
	"OOBKHNLBAEA": "7156",
	"FNHOOBOMFIA": "29328",
	"AABJJHPBFNK": "29039",
	"PBMKBKCAHMC": "5511",
	"LOGFHDOLAPA": "4968",
	"IIINKCOIANB": "1221",
	"DHEJNDKKOGO": "3999",
	"OHJHIFNPCMF": "27289",
	"LFADCKEFBOP": "23518",
	"IEFIMHOBAEE": "20513",
	"KLIJINKAHHB": "25180",
	"JJJOMHPNBPN": "2852",
	"DEPOOADKAKD": "5463",
	"CBCBHBJIAHL": "1907",
	"INJJFOIMAIH": "1574",
	"JJKAHPKGPBI": "24160",
	"PIKPMNMLBKN": "29896",
	"GGPOAFHNAIC": "1731",
	"EAPBBGHHKGO": "29343",
	"FJJOAOHIJME": "6990",
	"IAEKIOMDHII": "4212",
	"GIOKGFIKALD": "20065",
	"EFFDEKJOECD": "21480",
	"HDMDHDMIBKM": "20245",
	"PCPCBAFGHEJ": "7231",
	"LNDAIDNADKH": "26929",
	"HKJLKGNPMEF": "26095",
	"DIBHIBDNKOG": "4085",
	"DLKCNLLBAKD": "1261",
	"HPEDMJLNGPD": "9885",
	"KGFKANNDGAC": "28355",
	"MICEGDNCOFM": "23907",
	"MKOOAPCOCJN": "20548",
	"FCMMBGLNLPA": "8366",
	"CELEPOJGLGH": "20229",
	"ANKGHDELJPB": "27043",
	"OMJEEDDLMIN": "920",
	"KMHKDFNNMAE": "28923",
	"HCOGNOEEAJO": "3196",
	"LOFENNCANLL": "1547",
	"AFIENMJIEPL": "1108",
	"FNDAKPBEIMC": "20086",
	"GNHFKIBACBE": "9637",
	"HCLAKCKADKK": "3169",
	"KDAFCHKENOD": "20908",
	"NCHBDJHOMDL": "25101",
	"FJLKMMLIHFI": "4461",
	"MDLJACLCGOH": "1453",
	"OAMBMKIFFKD": "5695",
	"BCCHFNHIHPI": "28829",
	"GJDCDMNLDNP": "28590",
	"GECFIOEOIOL": "1663",
	"OJOGDMCKHHK": "1910",
	"PKMGCLKMKFE": "8215",
	"IMIAALEEEBC": "1873",
	"CCOPJBHNDNL": "8126",
	"CAIMGOJPEPD": "24861",
	"BBHKDKOFDIE": "23946",
	"HJFPINLNAOH": "2005",
	"ANHIOCCLEGA": "9393",
	"NpcTalkReq": "28263",
	"NpcTalkRsp": "2519",
	"KFFPHDOACCE": "24143",
	"JGFLHPPOCKL": "3797",
	"HIPPLFHBAPE": "29010",
	"KBJNOOGDDFI": "2184",
	"KPGAPAFLMDL": "2794",
	"CGEHEPDPLAM": "25087",
	"MFBFFEFNMHO": "26153",
	"GALJKNJGLMN": "26691",
	"CDOIKPMIDII": "23848",
	"CADHBKPOONN": "9064",
	"PBPNCHLCDCC": "8902",
	"BLBOCLIMCKK": "6959",
	"BBAOKPAHFGL": "25164",
	"JAEKOJDLKGJ": "23908",
	"HEPDIIPHEFI": "29246",
	"HIHEEFHMAIN": "5178",
	"LHGFODKPCIO": "25610",
	"JHBAABGHODD": "7019",
	"POJFCEFOFNM": "22309",
	"HGNPLNBOPBE": "3344",
	"DLFEDBGKGNE": "941",
	"IIHODCFBJGD": "27853",
	"LDCHNJGCBHO": "22436",
	"GDFMNNPKFLG": "2301",
	"ADMKPIDFAMH": "2314",
	"FEIIPHJAHOK": "2342",
	"FFMFNFHBAJA": "2325",
	"BODLBLMHCLK": "2316",
	"PGIACBCNELF": "2353",
	"MMGGHHCEMIB": "2363",
	"PBNMDPPENKH": "2385",
	"GLLPKOJGLLJ": "2362",
	"GIOFCNMPIEI": "2375",
	"CNIOECBENDJ": "2357",
	"IDGFDLNOHJB": "2304",
	"GHBDJDBFDMB": "2311",
	"GetPlayerTokenReq": "27208",
	"GetPlayerTokenRsp": "24642",
	"PlayerLoginReq": "8889",
	"PlayerLoginRsp": "9913",
	"PlayerLogoutReq": "3247",
	"PlayerLogoutRsp": "9875",
	"PlayerLogoutNotify": "23209",
	"PlayerDataNotify": "1969",
	"ChangeGameTimeReq": "7442",
	"ChangeGameTimeRsp": "4498",
	"PlayerGameTimeNotify": "5758",
	"PlayerPropNotify": "20759",
	"ClientTriggerEventNotify": "21283",
	"SetPlayerPropReq": "5646",
	"SetPlayerPropRsp": "29235",
	"SetPlayerBornDataReq": "22402",
	"SetPlayerBornDataRsp": "2561",
	"DoSetPlayerBornDataNotify": "25031",
	"PlayerPropChangeNotify": "6374",
	"SetPlayerNameReq": "22404",
	"SetPlayerNameRsp": "25976",
	"SetOpenStateReq": "20146",
	"SetOpenStateRsp": "1900",
	"OpenStateUpdateNotify": "1575",
	"OpenStateChangeNotify": "1378",
	"PlayerCookReq": "6501",
	"PlayerCookRsp": "6533",
	"BKJNBFCEJKL": "29617",
	"IDJJGJMLPND": "9854",
	"ALFNPKKCHCA": "6285",
	"IDEECFMBGML": "26365",
	"LIAFIIJDHKC": "8834",
	"NPHCKJMENLO": "23216",
	"DBDCCFPOEBI": "2971",
	"HCPHFMCPGFM": "6082",
	"EIDALEGNBGA": "9987",
	"ODGDKKAPMJI": "3443",
	"CLEOHAGGEBM": "2254",
	"NKIOPPGFOOG": "6517",
	"PIDLDNLCPGO": "28160",
	"MHIIHDOCHNC": "5573",
	"NJEGBNKAILO": "28831",
	"NGJPEAMBMAL": "28136",
	"HBHBHEDNKOD": "9332",
	"NLKDCLICJLC": "27123",
	"MNFLGMDPHCP": "4261",
	"DGOPDOMFIMH": "21407",
	"KALPPCKPMCJ": "28581",
	"HNKAOPFAMFC": "27175",
	"GDMJOFOLAKH": "21387",
	"NAKPNFEOGBE": "3064",
	"JMBLLAGBPPJ": "20201",
	"JEKKMEPPOKD": "7462",
	"DPPNEMJEMID": "25764",
	"FIDNFBLDPGL": "4069",
	"IOIOMNBNLMB": "9149",
	"FDBOMFJOBLI": "27995",
	"JOGDLKGKIKK": "7476",
	"LHJDGKILKBL": "7890",
	"CBEDHBHDLHG": "9670",
	"CDCMNNDNOBJ": "2063",
	"MCDAICBPKLG": "22732",
	"AntiAddictNotify": "27206",
	"FMBJCMKFCEN": "1583",
	"BIJOAAPPDCE": "25773",
	"JOMNFGLAPPM": "27091",
	"MJJEPPDKMIO": "7679",
	"FHDGOANJBIJ": "24131",
	"CKBOPNNACEA": "21190",
	"HEAODIHEDLC": "9319",
	"FMJIHMDELAO": "9070",
	"DJDHDGPBEKA": "20533",
	"ADMGKEHJABC": "6572",
	"KOKDCPNLDLC": "24817",
	"APGIDGPBHAD": "2086",
	"FKNKNBFILJC": "2008",
	"GHCEKMEBHFJ": "4114",
	"DPNDMKMAAAH": "26127",
	"LMHNHCMNACK": "20836",
	"NLBKOOGEMJO": "139",
	"JLAEBCOLEII": "23815",
	"LIGHAKGNNJO": "28277",
	"OEOLHHALAOO": "28297",
	"MIMFAMEACAM": "28055",
	"AEBNBOFAPEI": "27687",
	"BJJPGKLIGPJ": "23900",
	"FJLDEPMOMGM": "21687",
	"PEEALIJCLGA": "1974",
	"LFIKDIPEPNE": "1434",
	"LENCHJHPLOA": "7379",
	"PMDEAPPGJKN": "4651",
	"MEBEAJCJHIM": "601",
	"FLMENIKDGLI": "3784",
	"DGPCEGNOCKC": "24443",
	"AINHKOMCHNJ": "29208",
	"IINDOPDMHHC": "25519",
	"IMFGIDFENJJ": "2014",
	"MLJNAMBMJHL": "20281",
	"BJLONGAOOOL": "9194",
	"LifeStateChangeNotify": "28259",
	"EntityFightPropNotify": "23128",
	"EntityFightPropUpdateNotify": "6915",
	"AvatarFightPropNotify": "26014",
	"AvatarFightPropUpdateNotify": "397",
	"EntityFightPropChangeReasonNotify": "9747",
	"AvatarLifeStateChangeNotify": "24239",
	"AvatarPropChangeReasonNotify": "21373",
	"PlayerPropChangeReasonNotify": "29938",
	"AvatarPropNotify": "27784",
	"MarkNewNotify": "4860",
	"JCHKBEDNPHE": "20128",
	"LHMNFCACAOF": "24287",
	"BNPEIKMDKLG": "9389",
	"KGIEMCIKOOE": "23446",
	"LHJMJLOAOFG": "27432",
	"CIGAPFPCNOC": "7239",
	"JEHJLPCMOJN": "8557",
	"DKDJAEDCNJN": "37",
	"PLBFKIFOJPD": "23601",
	"LHADNPFHFFO": "20012",
	"FHPGKJOFNHH": "28411",
	"JCOLNIGAICC": "5416",
	"CFEFOBEDDJA": "3829",
	"IOLPBIJCHFJ": "3478",
	"DBHKMCGDOCI": "20667",
	"BMOIAJKDPPB": "21303",
	"EDDBHNOIALM": "27757",
	"NCKDIFCOCLD": "5679",
	"HFFODBBDBHA": "211",
	"CNMIJOOFLJI": "620",
	"DEHPHKIKMAB": "29361",
	"LNEELENEKNC": "24957",
	"BCPGIKPIJCK": "20652",
	"KGAFCCOCLMP": "27277",
	"CBJIDJEOPBG": "21254",
	"DNOFJPBKFKB": "5798",
	"OAPPEHKFDEJ": "23267",
	"OFEAABMGIOD": "25929",
	"HGLHOKGJMIJ": "26049",
	"HOPCLFPKAHF": "20508",
	"MIOLGPCEBML": "3079",
	"MAOEOGCHHBL": "20307",
	"BALDAKJADDK": "1010",
	"PAJAIJNOFIL": "7057",
	"GGDJNGKEDPB": "20096",
	"EGDJCDDFNAD": "28174",
	"HINIPALEEDJ": "721",
	"OFCEAJIFENO": "592",
	"CHCDKKGFBMK": "25423",
	"FALGBOMCHJK": "1981",
	"ILOJCPHOLNC": "28993",
	"HEAILPKLPHA": "1632",
	"EELOGLONJAN": "5052",
	"NGJAMMDMONG": "20632",
	"ABLDOLGJGDH": "5472",
	"NPFFIECJBGB": "28200",
	"GDBEDEFHOAB": "29528",
	"FEGFDGKOIAB": "3345",
	"DANDPJMBOKP": "9480",
	"AABFNNOFPEN": "3500",
	"DDPAEGIKIPL": "3406",
	"NJGPONCINCC": "6341",
	"BHOAKFKCBOD": "3167",
	"IPMAGLCFHJB": "4824",
	"KGOANBACOPH": "27305",
	"OCMGDDIBKNK": "27919",
	"OAJHLIHAENI": "6916",
	"HOPMNGMGICP": "3911",
	"GFCMHDJMNDG": "5302",
	"GLOFJECFCBJ": "1569",
	"NICGILHEBOO": "24679",
	"JBBEDKHJKCK": "5168",
	"DBDDCAPPIGP": "20563",
	"NMJLKPBAKOC": "181",
	"DIBCNAOAFLJ": "24747",
	"EMIOPGLAPKD": "24193",
	"IJIJFKIHEGC": "23244",
	"FAPMKCPJAKM": "25847",
	"IPCBBPBFCPM": "338",
	"MGGHHHLOGOA": "5832",
	"OIAMJOAHFPI": "27814",
	"JNBDFCPEKKH": "29881",
	"POODAMOKKMO": "24283",
	"DIPHAGBFMBG": "9039",
	"KILKIMJAKEG": "9656",
	"GJHFHODODKB": "270",
	"GEMEJIOKABC": "22609",
	"LAAMBKOGCMO": "26367",
	"KKOOBOBMHNE": "999",
	"KMNEMHBBNKI": "5481",
	"IFEJOMHLMKC": "5060",
	"POPKNJPNNNP": "29355",
	"KJMAKAKONCA": "26374",
	"EDIIJADOKDA": "3010",
	"CKMADAGDEHI": "24897",
	"LIMPKLNMIAG": "25542",
	"JIECEOCCHDA": "29893",
	"EOOGEIEHLKC": "5356",
	"LHDHLGHFDNK": "20989",
	"GNEAGONEBDH": "27158",
	"BGLDBEEKCDG": "20675",
	"OECABODPCNN": "23961",
	"HJNFOKHHDOK": "20973",
	"NONFPHDGCIL": "5734",
	"HKLJPBIFKEB": "24901",
	"PIMHADNNHPL": "3355",
	"AGKKCMLCINH": "8502",
	"AAOKENHBNCJ": "8442",
	"BDMHNBLBKJC": "2627",
	"GNJOHKDOLNL": "29818",
	"KIEGKDPOGPL": "28918",
	"CIALPJHAHPK": "21542",
	"BJBGNOJECEE": "23496",
	"FLIBBHFJOBG": "8514",
	"FAEIGEFHJJD": "3569",
	"CHPIKNEHDKI": "2554",
	"HOLMJKPLOFP": "98",
	"EKBKGACFHCP": "234",
	"GCMEJCMLKAK": "8588",
	"DLBBAABHLAN": "3250",
	"GAKFIKKOHAK": "29284",
	"BLMHONOBBAL": "9306",
	"BGAAMCAODDB": "8897",
	"NCNDEIEFDDC": "27944",
	"OPPAAOAAKPJ": "8575",
	"OPCPAKGCLGA": "9073",
	"NFFNJFHKKGK": "26178",
	"EJNGKPFODDO": "22664",
	"HGLMGABMIEK": "6604",
	"FEGAMOKNEOO": "2776",
	"EFAFEKBAEEK": "22619",
	"KAIEPNLJCGA": "7883",
	"MOEFKPHPFMP": "3913",
	"IONIGFFKIOI": "6518",
	"DKIPHGCADPO": "22514",
	"PlayerEnterSceneNotify": "27217",
	"LeaveSceneReq": "28881",
	"LeaveSceneRsp": "24194",
	"SceneInitFinishReq": "8917",
	"SceneInitFinishRsp": "9212",
	"SceneEntityAppearNotify": "21994",
	"SceneEntityDisappearNotify": "4715",
	"SceneEntityMoveReq": "24965",
	"SceneEntityMoveRsp": "28771",
	"SceneAvatarStaminaStepReq": "29950",
	"SceneAvatarStaminaStepRsp": "29397",
	"SceneEntityMoveNotify": "26181",
	"ScenePlayerLocationNotify": "21626",
	"GetScenePointReq": "3602",
	"GetScenePointRsp": "23131",
	"EnterTransPointRegionNotify": "23379",
	"ExitTransPointRegionNotify": "1488",
	"ScenePointUnlockNotify": "23450",
	"SceneTransToPointReq": "3817",
	"SceneTransToPointRsp": "28965",
	"EntityJumpNotify": "26718",
	"GetSceneAreaReq": "26865",
	"GetSceneAreaRsp": "28243",
	"SceneAreaUnlockNotify": "23415",
	"SceneEntityDrownReq": "24233",
	"SceneEntityDrownRsp": "26140",
	"BLFAPMFMBPH": "25490",
	"EFKJGIGMMLP": "1898",
	"FLBMEPFDNOH": "20538",
	"KKOBJOGLNNO": "25793",
	"CMOLBIPNBJC": "20038",
	"PEDMAAELKFD": "23650",
	"NPKOKIMOAML": "3210",
	"CEIMMHBLJAN": "28605",
	"IAJHGPIPBEK": "26462",
	"PODINAIGLPK": "7088",
	"BGGKOAGDFBH": "1795",
	"BHGPBAKNMIE": "4030",
	"BKBPLFHDGLJ": "8601",
	"MJLDJCHOBLF": "26458",
	"OLNEHENGDCC": "4381",
	"FNHDNIGBIOH": "29967",
	"HLCNFIHFCHL": "26562",
	"LKIHHGBCPFN": "3660",
	"MPILPJHKAOC": "1631",
	"POLHECMPOGB": "27073",
	"DOLENMAEONN": "3832",
	"CMMPPDNPPDJ": "1231",
	"GECJBLGEBJM": "26448",
	"FCKOMFMKPHE": "2493",
	"CHMOPGGPJCE": "8653",
	"GGALBCKOHNF": "25045",
	"BLNLDPPODFD": "5051",
	"OAIKLEIPAGO": "27096",
	"FLOJMGFIFFD": "3108",
	"GCFOGDPKOFG": "23718",
	"OJOPODPFODH": "28007",
	"IDJFGIEEEME": "25090",
	"DIPAHCPLNHD": "28686",
	"OEDKKHHLKHH": "25790",
	"NKEKBMDOKLI": "1142",
	"GAJBKKDGFLD": "9050",
	"DDFINMJFOLN": "20001",
	"ClientPauseNotify": "5200",
	"PlayerEnterSceneInfoNotify": "26732",
	"JoinPlayerSceneReq": "29250",
	"JoinPlayerSceneRsp": "29842",
	"SceneKickPlayerReq": "27578",
	"SceneKickPlayerRsp": "21963",
	"SceneKickPlayerNotify": "24402",
	"HitClientTrivialNotify": "24711",
	"BackMyWorldReq": "28030",
	"BackMyWorldRsp": "8483",
	"SeeMonsterReq": "23827",
	"SeeMonsterRsp": "7508",
	"AddSeenMonsterNotify": "22458",
	"AllSeenMonsterNotify": "28050",
	"SceneTimeNotify": "4509",
	"EnterSceneReadyReq": "272",
	"EnterSceneReadyRsp": "28859",
	"EnterScenePeerNotify": "23914",
	"EnterSceneDoneReq": "6434",
	"EnterSceneDoneRsp": "29301",
	"WorldPlayerDieNotify": "23859",
	"WorldPlayerReviveReq": "6851",
	"WorldPlayerReviveRsp": "7822",
	"JoinPlayerFailNotify": "23344",
	"SetSceneWeatherAreaReq": "24996",
	"SetSceneWeatherAreaRsp": "24190",
	"ExecuteGadgetLuaReq": "24582",
	"ExecuteGadgetLuaRsp": "25696",
	"CutSceneBeginNotify": "6874",
	"CutSceneFinishNotify": "6243",
	"CutSceneEndNotify": "9550",
	"ClientScriptEventNotify": "3947",
	"SceneEntitiesMovesReq": "8922",
	"SceneEntitiesMovesRsp": "2919",
	"SceneEntitiesMoveCombineNotify": "7718",
	"UnlockTransPointReq": "20703",
	"UnlockTransPointRsp": "21991",
	"SceneWeatherForcastReq": "1209",
	"SceneWeatherForcastRsp": "25316",
	"MarkMapReq": "3421",
	"MarkMapRsp": "4597",
	"AllMarkPointNotify": "28812",
	"WorldDataNotify": "2101",
	"EntityMoveRoomNotify": "4063",
	"WorldPlayerInfoNotify": "21934",
	"PostEnterSceneReq": "9304",
	"PostEnterSceneRsp": "5422",
	"PlayerChatReq": "4374",
	"PlayerChatRsp": "27855",
	"PlayerChatNotify": "4410",
	"PlayerChatCDNotify": "26057",
	"ChatHistoryNotify": "29451",
	"SceneDataNotify": "27173",
	"DungeonEntryToBeExploreNotify": "29457",
	"GetDungeonEntryExploreConditionReq": "4575",
	"JHCNLIIBIGJ": "6709",
	"PCLNFPFKGKL": "5750",
	"IPGEBKIKOGM": "23715",
	"EFPHNNJHEAK": "5406",
	"AJNOIILOFCC": "912",
	"MINOGGDKEJO": "21217",
	"LDCIMDMACKH": "28087",
	"GHPBIKNMLJB": "9369",
	"JCKMEBFMHLC": "27412",
	"GPDIKGDHLOC": "20164",
	"CFONCJPPJKN": "27132",
	"OGPAPNDGIGJ": "5607",
	"HHCFPFEHGHN": "22126",
	"HHHBKGDDOIJ": "21118",
	"OBFMGODDBGI": "2697",
	"KHBMICKGOCJ": "29525",
	"BFFCGDHHIHO": "24014",
	"LCKPJHFBHNK": "20049",
	"GOHJLEAOJEN": "26419",
	"LIOMINAPJOM": "23503",
	"COMODBAOOMP": "502",
	"MFGLGDGECMB": "21248",
	"LJNBMCPIADN": "3526",
	"ADMEMFABBCM": "5088",
	"LLEPPIJOAOM": "23198",
	"ILPIMDKDNFP": "24056",
	"HitTreeNotify": "21091",
	"DDCCIAGENND": "7149",
	"IAHDKAKJDPE": "5173",
	"HANOJDIBDJN": "6305",
	"MMOPKHKOJFE": "9268",
	"OAIBINGOLKN": "9216",
	"GDBIMOEDDOL": "26183",
	"FEAHEJLIAGH": "7259",
	"GOCLLLAHDPL": "3563",
	"DEIKLMGCMOK": "6298",
	"CLAFCLNIKKO": "27849",
	"AOCDFMAKENP": "4901",
	"PIPDDDCCPOM": "25387",
	"OGJHDNLIDPF": "27349",
	"POIDFANBBGN": "20159",
	"MCIJIMOINMA": "25447",
	"FKLDGKMJDIJ": "22877",
	"JDNKNGOAIIA": "8304",
	"FHGFGIEEKON": "2785",
	"LEMEEEFCFJF": "6578",
	"FKGPLCJGLFI": "28384",
	"DLOAIBIOFAF": "27201",
	"NPAOJKEEOFI": "20526",
	"LGFEMDKCIEG": "28890",
	"JEFBJCJGHPC": "4680",
	"HKHDDCBHNCN": "6765",
	"CFHGBCPHIEA": "24947",
	"AOOPMODJPLA": "24505",
	"OBJCNOHHGHG": "23197",
	"PPNMMKAOAPG": "21955",
	"JOHJLGDEOON": "2141",
	"BELFMNJOKCE": "23658",
	"MIBPGHJGBKG": "6481",
	"EEHALDFKPBP": "27424",
	"BPFNAAFJIKB": "5454",
	"GBFIHHMADOM": "802",
	"CJOHGDMMGNN": "24310",
	"BGJAGONMJHA": "23272",
	"CDMJDBIBGMM": "2100",
	"OOCOMGDPOGA": "24102",
	"OLIIBPKMDIL": "9291",
	"JGCLCBJIIHE": "25663",
	"ScenePlayBattleInfoNotify": "26216",
	"ScenePlayOwnerCheckReq": "9227",
	"ScenePlayOwnerCheckRsp": "1198",
	"MPFBCDDCAPP": "2810",
	"GAIIDEJBAJB": "22143",
	"PDONIMFGAGI": "1120",
	"OOCLPKCAMPD": "3551",
	"PBFGBNJKPFD": "7332",
	"BCMGMAIEIOG": "20062",
	"IOEJDFOMKOO": "20019",
	"FGPJLCEDCHL": "3201",
	"BAAPEJFGGFO": "2413",
	"IIDEKCICCJM": "3916",
	"IJHPEAJENHG": "25051",
	"OHFCGDPOFHI": "28300",
	"BENPLHINCCK": "25353",
	"OPFMDADHJDO": "24167",
	"DGKOAFNFKIK": "3019",
	"MFDKHOILGNL": "28056",
	"PFOPPKGPKEA": "3803",
	"FBHLCIKKIML": "2096",
	"AACNNJMOLHH": "28985",
	"HBMJKFBOEMF": "25937",
	"PGFDGABGEOK": "21245",
	"KEAMDLEGMBL": "2538",
	"GADHNAPGIFG": "28651",
	"MCILIDEFEFN": "3726",
	"EDOPCCKLHKP": "4725",
	"IAIEAJMEMGK": "27703",
	"DDHAPJDOEGH": "26744",
	"IBIDNNELKMK": "3102",
	"DFAELHEAODO": "5260",
	"AHMIEGPGJOF": "1739",
	"FNJKHAOLNKG": "22282",
	"PFDNDDLHCAB": "4177",
	"EEDLBMBOMHH": "564",
	"NLKLAMGMFKM": "28589",
	"KFBCKIEEOGG": "4190",
	"MKPDHDNEMBH": "27644",
	"CIGILJGIIJF": "9144",
	"LPEMHFIMDCM": "25237",
	"EAGGJECOKPH": "22159",
	"OCNMHMHPOOB": "1194",
	"GIGFIAHLFOC": "757",
	"OELEBMNLCNK": "27141",
	"ANHPDFGJIEE": "29395",
	"CEFHIKKOPCB": "1563",
	"DIGHNIEKEDB": "24425",
	"DCMKOPIBBJI": "2858",
	"JFFFDPCACFP": "8862",
	"KAOMNBJCCPF": "9078",
	"HHABDGBDHMD": "26316",
	"LOFJIICMDBE": "26259",
	"PJPGPDBNFAD": "26653",
	"GetPlayerFriendListReq": "26642",
	"GetPlayerFriendListRsp": "2749",
	"AskAddFriendReq": "6673",
	"AskAddFriendRsp": "2923",
	"DealAddFriendReq": "29169",
	"DealAddFriendRsp": "2407",
	"GetPlayerSocialDetailReq": "25877",
	"GetPlayerSocialDetailRsp": "21823",
	"DeleteFriendReq": "640",
	"DeleteFriendRsp": "1883",
	"SetPlayerBirthdayReq": "8029",
	"SetPlayerBirthdayRsp": "6015",
	"SetPlayerSignatureReq": "8292",
	"SetPlayerSignatureRsp": "21352",
	"SetPlayerHeadImageReq": "9970",
	"SetPlayerHeadImageRsp": "3920",
	"UpdatePS4FriendListNotify": "22921",
	"DeleteFriendNotify": "27531",
	"AddFriendNotify": "20930",
	"AskAddFriendNotify": "761",
	"SetNameCardReq": "917",
	"SetNameCardRsp": "23823",
	"GetAllUnlockNameCardReq": "28052",
	"GetAllUnlockNameCardRsp": "23825",
	"AddBlacklistReq": "7711",
	"AddBlacklistRsp": "25174",
	"RemoveBlacklistReq": "8823",
	"RemoveBlacklistRsp": "28650",
	"UnlockNameCardNotify": "29965",
	"GetRecentMpPlayerListReq": "24070",
	"GetRecentMpPlayerListRsp": "24513",
	"SocialDataNotify": "24740",
	"TakeFirstShareRewardReq": "9904",
	"TakeFirstShareRewardRsp": "1633",
	"UpdatePS4BlockListReq": "4042",
	"UpdatePS4BlockListRsp": "1994",
	"GetPlayerBlacklistReq": "27113",
	"GetPlayerBlacklistRsp": "2481",
	"PlayerReportReq": "8914",
	"PlayerReportRsp": "22426",
	"SetFriendRemarkNameReq": "27045",
	"SetFriendRemarkNameRsp": "22129",
	"UpdatePlayerShowAvatarListReq": "3226",
	"UpdatePlayerShowAvatarListRsp": "7542",
	"GetFriendShowAvatarInfoReq": "26427",
	"GetFriendShowAvatarInfoRsp": "23702",
	"UpdatePlayerShowNameCardListReq": "9539",
	"UpdatePlayerShowNameCardListRsp": "6738",
	"GetFriendShowNameCardInfoReq": "22007",
	"GetFriendShowNameCardInfoRsp": "21639",
	"ForceAddPlayerFriendReq": "7996",
	"ForceAddPlayerFriendRsp": "23287",
	"ProfilePictureChangeNotify": "4628",
	"PSNFriendListNotify": "9817",
	"PSNBlackListNotify": "24379",
	"GetPlayerAskFriendListReq": "24226",
	"GetPlayerAskFriendListRsp": "9717",
	"FEFEGCFFIHJ": "21413",
	"ANHHMPOACHD": "22341",
	"OKOFFDPMPII": "8549",
	"IAEIEDMKBIM": "9123",
	"ANHPPNPIGCL": "27874",
	"JDLBMIJDIKD": "1201",
	"OPILPLIEOIK": "4894",
	"OOKPOPDODOK": "4288",
	"IHDKFKMKHCF": "8176",
	"FFBPFDEEMID": "3831",
	"OCCPBJNJIJB": "7300",
	"GFKKHLCNPNK": "27054",
	"KKJCBEBHDOI": "24258",
	"DJODIODMNCL": "4929",
	"FHIPAJMEJGL": "29749",
	"LOMCHNNLHCO": "6116",
	"NDKFLDDOGIJ": "6163",
	"HMFPMFPBJNE": "6107",
	"OEFCIPIENCI": "6105",
	"LAOHGPIEKOD": "6142",
	"PFLKIJABOIB": "6166",
	"JKJGEGHDCIK": "6121",
	"ONAMOBJEMGF": "6118",
	"AEALLHOLJHJ": "6124",
	"CHDIILMGBKG": "6185",
	"LCEEGKLCMNO": "6170",
	"LNCEIPFPHEL": "6153",
	"PKILOPIFEOA": "6157",
	"GEJFEJNNJPN": "6138",
	"MOFGCFOPNPO": "6169",
	"AAJMFOMHGGN": "20398",
	"FJPMHGFBHIN": "6830",
	"JEIBIOHCEII": "23548",
	"GMLHAOMAIOF": "8884",
	"AJDFNKCPKAM": "7640",
	"OFIGFPOMDCG": "2780",
	"DAHAJGOMOGO": "5024",
	"GPMBKCOBHHJ": "21203",
	"EGJAKPANCDG": "4948",
	"AAIBBLDJONG": "27647",
	"HCIMGPFMCCN": "20090",
	"LNGIGJJONPC": "23482",
	"BKMAHIEGHKE": "25546",
	"GNOOHHCBIEN": "8426",
	"NIPHLMABEKH": "1790",
	"OCPGDFFMBJJ": "21140",
	"GHDEOFEDFFM": "23624",
	"JPICOCOCPIC": "8679",
	"HBPKPGOJFMH": "20600",
	"IBFMBOFGEPH": "9563",
	"NFDICCOMLMK": "3087",
	"GIFCBIBOALC": "8499",
	"JPFDAAEIBCC": "23856",
	"EHOHGMMPDCH": "27550",
	"LLAEALDKAEO": "24697",
	"GNHDOFFFGJO": "7748",
	"LMIHGFKBNKH": "8498",
	"HJGLGLNEIGO": "5803",
	"HDKODIAAPJD": "6462",
	"CDDMGMFHCPE": "26411",
	"BMDEFKLNOID": "7307",
	"DODHPCMAGFN": "2496",
	"GAABCLBBEPL": "20323",
	"ENLPKKDJPEP": "28083",
	"BCOHONPCNKH": "9863",
	"NDKNCLOHMCM": "3775",
	"JBLFKGKLDND": "27465",
	"KIGKMDAGDKE": "28725",
	"GIBLEGGDPOH": "1127",
	"GMCFOGNDEBN": "22999",
	"OOOCJHLFJLE": "7083",
	"BOGNHIIGJEF": "29157",
	"GLEFOBKCOJL": "4061",
	"EFENNEDHIJB": "27650",
	"KLGHDIIKLMC": "8636",
	"FKPMMBBPJCG": "3527",
	"CAMHBICIFLE": "3338",
	"CODEKFHKHKE": "983",
	"EOGOMLJIAOJ": "28162",
	"NFHHEIJNNBJ": "819",
	"IEGNKFHCBID": "600",
	"PBMJGILKFGL": "4762",
	"KCAGOPAMHJA": "26575",
	"HNHKACBPHNP": "28139",
	"FMMFFOFPIKC": "26114",
	"KJOMLNJBHHM": "28387",
	"AFKLDPHAKGN": "22572",
	"BKAGEEHJKGG": "8788",
	"ADCBPLEGPJO": "26176",
	"INCGCFINIAB": "28172",
	"KNHDJKLNKMM": "165",
	"BCJHPAOLAHB": "25735",
	"CNHOEMLNGOB": "126",
	"NEDFACOKENG": "20683",
	"ILIMIOHGNPH": "6716",
	"FHHLMPGCCHO": "9903",
	"IAPFAGGOAAL": "2448",
	"HNJNDCMHDAG": "9345",
	"BNBOLAABPHM": "5928",
	"PJPDNIPODKK": "25603",
	"JDGPDOGFDND": "22489",
	"FLHGGDDGLCP": "21694",
	"FBJJANJEKIM": "3097",
	"BKNOFKBHACH": "20270",
	"JDDLLMDDJAM": "195",
	"IEMGEIMPBHI": "8664",
	"INOOAHEPEED": "9075",
	"AEGOHPHFHKE": "511",
	"OKIMNONFPHH": "28048",
	"IJJPGOACDPM": "29939",
	"JEMGGFKADBL": "2879",
	"HBPGOCOGFCA": "24912",
	"DMLNPPKLJMG": "23288",
	"IOCIDFLCLEH": "27614",
	"IBKOGBPPJOH": "2192",
	"BCNFEPCNMIF": "5909",
	"PCEFMJCFKDG": "5147",
	"FFKBAMEDBEI": "25483",
	"COMOOMDKDBP": "1394",
	"KLGCEADNOIE": "28547",
	"FKLHJKAGHND": "723",
	"FACJOGMBKBG": "23675",
	"HEMNDLILJFP": "22912",
	"ELLOKCGHJHD": "1084",
	"PNPBBCHNNIJ": "22094",
	"OBPDAAAAMDN": "6877",
	"DCPAEEHBODO": "21418",
	"MOMKAPHLPEO": "24613",
	"NPICICOLCBG": "5514",
	"BILNPJMMGDG": "2721",
	"KOOOHIINALA": "6943",
	"DKEKJOJNKLF": "1343",
	"IIMLKHLJPEG": "22023",
	"JCFAHIHCALJ": "29134",
	"HBLIOCHJDGJ": "229",
	"DCKBDLADJAE": "8298",
	"FPOCBGPCMCI": "23316",
	"CENKLGJEGMJ": "7275",
	"GMJDOPNAGAM": "20344",
	"FGBAMOGPLOO": "26425",
	"HNBCCACIGHB": "158",
	"PPBHGFJFLOE": "27318",
	"BBGHHMKPMFJ": "24090",
	"POPGJFBAJMA": "826",
	"AOPMAEGDIPE": "20436",
	"JPMILDEOGEC": "23661",
	"JODHOKHCCME": "4230",
	"KADONOOLAFP": "8655",
	"BEMMBBPNPMI": "3512",
	"MHKJAKHNBDI": "20462",
	"FOPBCFBCGNJ": "4057",
	"NIKMAIKKEME": "8219",
	"ABHFNEDGFPB": "4838",
	"HNNCGCOOEGI": "3480",
	"GECAIFOHDKC": "6802",
	"ACPNGKFPGCL": "27909",
	"OMCIEOOALLB": "9207",
	"FAALHGDICGC": "7882",
	"DEFJKJFGFHG": "496",
	"LMDFJDPOOJO": "6065",
	"FHHIMIJLMGJ": "29090",
	"MDEEMNBPCPA": "327",
	"NAFDLCCKBMP": "7660",
	"CJDKCACEFCN": "7404",
	"FFHHOLAIMJM": "29964",
	"AOGDCJEGIKB": "3272",
	"ONCONBCMPPL": "29607",
	"GBCILKHKLMJ": "26712",
	"DILNJILKLCC": "24148",
	"GGCCMIMACIF": "4070",
	"CEEAFIGHMJD": "2139",
	"ACBIKPHDHMD": "343",
	"AILNNNIGLBE": "1223",
	"OMAOGKGGFMJ": "28911",
	"IGBEMGPOLPL": "9803",
	"JHFBNNLPGNJ": "28022",
	"ECMAEDJCLCK": "7020",
	"HFAIJINEHPP": "25366",
	"HNNHHODAHAH": "26099",
	"IEPIHECMPEN": "504",
	"BPKBCDGHKGK": "22226",
	"SetWidgetSlotReq": "24761",
	"SetWidgetSlotRsp": "21941",
	"WidgetSlotChangeNotify": "8802",
	"GetWidgetSlotReq": "7552",
	"GetWidgetSlotRsp": "4020",
	"AllWidgetDataNotify": "24097",
	"UseWidgetCreateGadgetReq": "8256",
	"UseWidgetCreateGadgetRsp": "23377",
	"UseWidgetRetractGadgetReq": "5727",
	"UseWidgetRetractGadgetRsp": "27710",
	"WidgetGadgetAllDataNotify": "27929",
	"WidgetGadgetDataNotify": "25681",
	"WidgetGadgetDestroyNotify": "9052",
	"WidgetDoBagReq": "27588",
	"WidgetDoBagRsp": "25738",
	"WidgetActiveChangeNotify": "26799",
	"WidgetUseAttachAbilityGroupChangeNotify": "1367",
	"WidgetCaptureAnimalReq": "27897",
	"WidgetCaptureAnimalRsp": "4900",
	"WidgetUpdateExtraCDReq": "4692",
	"WidgetUpdateExtraCDRsp": "6739",
	"FireworksReformDataNotify": "21340",
	"ReformFireworksReq": "2543",
	"ReformFireworksRsp": "4265",
	"LaunchFireworksReq": "25813",
	"LaunchFireworksRsp": "45",
	"FireworksLaunchDataNotify": "29884",
	"ChangeWidgetBackgroundActiveStateReq": "7825",
	"ChangeWidgetBackgroundActiveStateRsp": "26488",
	"AllWidgetBackgroundActiveStateNotify": "836",
	"RemotePlayerWidgetNotify": "29156",
	"WidgetWeatherWizardDataNotify": "2797",
	"AILOPHMJIOJ": "5972",
	"IMJHONADIGH": "551",
	"ENAIGLHOMFE": "22180",
	"PGIKFMBAOLH": "4083",
	"KIDDAMPMOHG": "3706",
	"KPGEGALOODD": "429",
	"BLICDFHBHLB": "22857",
	"DDPFCBEPNJF": "25448",
	"OCEADDCBKPN": "7248",
	"KOKJBELAOBD": "26813",
	"MFNOAALHEJE": "3284",
	"HFJHEHBGBEH": "27025"
}