{
	"24213": "AbilityInvocationFixedNotify",
	"27059": "AbilityInvocationsNotify",
	"3313": "ClientAbilityInitBeginNotify",
	"4338": "ClientAbilityInitFinishNotify",
	"26198": "AbilityInvocationFailNotify",
	"29849": "ClientAbilitiesInitFinishCombineNotify",
	"25062": "WindSeedClientNotify",
	"27899": "AbilityChangeNotify",
	"25166": "ClientAbilityChangeNotify",
	"7478": "ServerUpdateGlobalValueNotify",
	"727": "ServerGlobalValueChangeNotify",
	"8537": "ClientAIStateNotify",
	"23099": "ServerCombatEndNotify",
	"26928": "ClientRemoveCombatEndModifierNotify",
	"6266": "PerformOperationNotify",
	"28301": "AchievementAllDataNotify",
	"2700": "AchievementUpdateNotify",
	"1426": "TakeAchievementRewardReq",
	"1432": "TakeAchievementRewardRsp",
	"2196": "TakeAchievementGoalRewardReq",
	"3006": "TakeAchievementGoalRewardRsp",
	"5277": "GetActivityScheduleReq",
	"2456": "GetActivityScheduleRsp",
	"9732": "GetActivityInfoReq",
	"9769": "GetActivityInfoRsp",
	"1342": "ActivityPlayOpenAnimNotify",
	"20475": "ActivityInfoNotify",
	"27146": "ActivityScheduleInfoNotify",
	"27571": "ActivityTakeWatcherRewardReq",
	"24030": "ActivityTakeWatcherRewardRsp",
	"25876": "ActivityUpdateWatcherNotify",
	"20267": "ActivitySelectAvatarCardReq",
	"22748": "ActivitySelectAvatarCardRsp",
	"3462": "ActivityCoinInfoNotify",
	"29439": "SeaLampFlyLampReq",
	"6420": "SeaLampFlyLampRsp",
	"4670": "SeaLampTakeContributionRewardReq",
	"9237": "SeaLampTakeContributionRewardRsp",
	"6203": "SeaLampTakePhaseRewardReq",
	"20819": "SeaLampTakePhaseRewardRsp",
	"29203": "SeaLampContributeItemReq",
	"24564": "SeaLampContributeItemRsp",
	"28944": "SeaLampFlyLampNotify",
	"6893": "SeaLampCoinNotify",
	"2445": "SeaLampPopularityNotify",
	"27304": "LoadActivityTerrainNotify",
	"29940": "ServerAnnounceNotify",
	"1586": "ServerAnnounceRevokeNotify",
	"29278": "ActivityBannerNotify",
	"20478": "ActivityBannerClearReq",
	"28464": "ActivityBannerClearRsp",
	"28548": "SalesmanDeliverItemReq",
	"23775": "SalesmanDeliverItemRsp",
	"6606": "SalesmanTakeRewardReq",
	"28788": "SalesmanTakeRewardRsp",
	"26830": "ActivityCondStateChangeNotify",
	"9088": "SalesmanTakeSpecialRewardReq",
	"29674": "SalesmanTakeSpecialRewardRsp",
	"4773": "GetAuthSalesmanInfoReq",
	"5645": "GetAuthSalesmanInfoRsp",
	"28765": "DLHDKLNGABH",
	"28405": "ABFEDMMCOHI",
	"22840": "NMICOCDALCJ",
	"24984": "CKPBBBBPOPL",
	"24821": "CBGIIDHPBGH",
	"25767": "PDLBGDLIMKI",
	"26061": "NEHHPKHNKHM",
	"2219": "ICFNHEEPKIE",
	"9685": "DKGPJMJIJBG",
	"3728": "HEBJOGOIBFO",
	"28473": "EPGMPDBMINK",
	"21292": "JGOEKGKKBED",
	"1056": "DFAKNLNPHHD",
	"20173": "GLKNABIILKM",
	"28607": "OHCANKJNFPJ",
	"7863": "DDHGCIDDOIG",
	"3568": "LFJNOAAIBAN",
	"21308": "LIEDJLDDLPD",
	"28247": "EKODODFJCDC",
	"6808": "CLALDIENALB",
	"2902": "MLLONLMAIGL",
	"8582": "IMPHIEOGDAH",
	"22644": "IJHOPFODNGN",
	"27619": "PHEMBJPPNCP",
	"24198": "LAGGNMNAGON",
	"24967": "LPCEPFMFDPF",
	"25522": "DNFLMAKCFHN",
	"21659": "HDMOAPFPEKL",
	"26381": "OHHKABMPDCC",
	"4089": "JBAECNDFHFD",
	"27115": "NOOHFOKENKL",
	"29163": "OOODAHCDFFD",
	"25006": "ALILCNKEFLI",
	"20594": "COJNHGNEFCL",
	"5521": "LFEHHPCFKMA",
	"22771": "PDFDNCDDNAA",
	"22494": "DMHNKDDFJIN",
	"24100": "OMJCDDMJCEJ",
	"5806": "ONBOGCLHKBG",
	"21815": "FCGLNNCIOPH",
	"20578": "GLOBCEPEMHN",
	"4938": "NFBNELEBEAJ",
	"1131": "ACGFHPLJGCI",
	"27067": "BELFLJJJOLE",
	"380": "HLMCHLFIPGC",
	"5183": "DHDMNBLFKJM",
	"4021": "OEHOHLIICFD",
	"26113": "LDABKJPFGCB",
	"6318": "BNMMHJFMMFC",
	"27618": "BBNBIIHGDAA",
	"24317": "DHOMBDGLCHG",
	"1348": "OBLACAGENJC",
	"20367": "FDFODDDHIDI",
	"25774": "NIMALIBCNDA",
	"21321": "NLHLBLHOBND",
	"3518": "CDHAHDMGDFP",
	"3581": "EGCHMLJNOAN",
	"21979": "DFMPPKHJBMP",
	"7940": "HJJHCPINCNE",
	"23505": "GFCDOAKIEIP",
	"6946": "CLIJPOPLGEM",
	"6852": "HBLBGHBJCOP",
	"6740": "ELLIOEPKLLJ",
	"3561": "KPGKGAEHIOC",
	"23553": "GIINPEIDMOA",
	"25157": "GGOMFEKGEGF",
	"28776": "JHCNHEMAALE",
	"6485": "IKFPJDLGCAK",
	"1694": "GOECCIDPEJA",
	"6429": "LHOBFPCHJGG",
	"2162": "ADGMELDPAAC",
	"26975": "NPLOHBGGJAE",
	"8332": "IDHODHFNEAA",
	"2920": "DMDDDIFEIBG",
	"2959": "MOGLDAKNKJM",
	"25814": "OKMPDPGMDLH",
	"4903": "HIHIFJECIKD",
	"6818": "OFOILMPHHDI",
	"7121": "GJFBIBGGHFG",
	"21269": "KKPMBGJLKAN",
	"8553": "KIBKDAPJIAP",
	"27902": "JIIICGKJHCH",
	"20976": "CIAOOCAGMGA",
	"22888": "LOHEFOPKDFJ",
	"1662": "NLHLOGDMGPB",
	"20692": "CNLIEOOCAFN",
	"7302": "LAIIMBGKJON",
	"2668": "DHANJNCILEG",
	"28191": "IJJKEHKAHJB",
	"6920": "MLMIDAMNGCC",
	"26873": "OKGDINDMKFK",
	"27185": "CPPJNFNEMHJ",
	"3676": "DOADHFANFBP",
	"24409": "EFOGCBKEMDC",
	"24426": "KCIFNGNEACO",
	"23971": "PNOBBMJFMMP",
	"3048": "ALKNPGINPHP",
	"28699": "DOBPNJHNMKM",
	"26201": "ADHBMAKNIIM",
	"20611": "EJFHPJGOIAE",
	"25714": "DKCBLBIIHPF",
	"29474": "AOKIHNEIPLN",
	"3530": "DLODDCEJANC",
	"3622": "HJMBEGHMOOM",
	"652": "HPKGGJJOLDN",
	"29300": "AKHAFOBJALK",
	"7764": "BAKPKOMCANK",
	"8335": "MFGAEJJLBLP",
	"1842": "IFCPINPBCOO",
	"5169": "LNBFNKAJGLF",
	"1377": "IDFHDKEOFIB",
	"25296": "EKEJCKBAMNF",
	"5919": "MLFGBJMEGMM",
	"8222": "CIMDEFHJOEN",
	"24720": "GPMCNEDBCGO",
	"23163": "JFJEMJNEEEJ",
	"8316": "KOKDLEMHIDK",
	"28614": "BICJJBJDIGH",
	"23079": "ODEHEODALNG",
	"1128": "AGHCKCEDJAJ",
	"1976": "JICJIMCAOMH",
	"29851": "BKBMGFMNCMB",
	"5694": "AJBDCAAGIPL",
	"5775": "FPHINCMBHIH",
	"24512": "NCGKPMLFNFP",
	"3203": "BJPFGFEHJJO",
	"20351": "OMBMGOLBMJB",
	"24469": "HPONAAAKMLK",
	"2461": "DPPKOFGAPGH",
	"26256": "AIJLFAHGJJI",
	"9006": "NMEPLFPEBEN",
	"28513": "NGDPBMBNEEH",
	"8286": "OCBNMFJOFJE",
	"1288": "GGIGIGEMFFF",
	"5570": "IPDNPOJGIMH",
	"5294": "FCLPAKJOGIO",
	"29561": "HKHBPGMFOBL",
	"26706": "AJINNMBPFKH",
	"2720": "BGBPAFDIHAI",
	"3603": "NJHIEHCGNDE",
	"29867": "KCICHOFMHMC",
	"26160": "KAKHFKMDGBC",
	"1716": "BDAODENMPDB",
	"28178": "OICJGJPJJIM",
	"28352": "HMLGCIJLFBP",
	"27707": "CLCPCEKGKNM",
	"2731": "OCFFPFHMDOD",
	"22630": "MNANDKGOIGA",
	"23421": "BFCAFNAPCLM",
	"4649": "LFGICGEHPCH",
	"22220": "NCBGDPDAOCF",
	"5029": "BDJCFPPBLLE",
	"5485": "PIFIKACCGPE",
	"6727": "CNEPKEHJIGG",
	"3727": "JCBDFAHENIF",
	"1252": "NLBCPCFKPBK",
	"768": "DAEKEMHLNJL",
	"20753": "FIFIKBCBBLN",
	"9502": "FLEBBJOGOBM",
	"28272": "MBGKJIKNBMG",
	"23883": "MBCGMOINLDO",
	"23783": "HMIJLADCKEM",
	"22678": "ANBNCJLBEJA",
	"22066": "EPBGCHAIDEA",
	"27496": "JGCGGGONNAN",
	"23817": "JCGMNKNKFHL",
	"22858": "DMAGHACHPIJ",
	"26869": "JGMNFGOIFON",
	"9208": "IHJGIHHJLJI",
	"20909": "GPGJBEJOEEF",
	"29637": "DDEJLENFEOJ",
	"26945": "KPFIGCIOFHF",
	"6339": "FIGDHJKBOIF",
	"1530": "GDGMOKGDOPH",
	"26288": "KIHMHDFNICP",
	"9113": "JLHPMBKOAOC",
	"23925": "OGOMDOAGMKF",
	"20305": "OAKJGCPMAKJ",
	"1531": "EIPCDJKIIPC",
	"27228": "LCJPAGNBGOF",
	"27663": "GPENOFJPPFL",
	"25762": "MFLHLAEHDMP",
	"21291": "BHMFPIAFDKI",
	"9999": "JABBEOEEIIM",
	"8817": "LMOMGHKKFGB",
	"1835": "PlantFlowerEditFlowerCombinationReq",
	"9479": "PlantFlowerEditFlowerCombinationRsp",
	"20602": "MJLEOFDAOMF",
	"8594": "CPAADOANIJO",
	"29357": "LFMMDFGFAFM",
	"28680": "HNDOMFAEHND",
	"6473": "LCKOAMLDANP",
	"27763": "BIMIAMPLCHL",
	"1895": "DPOBHAKIPED",
	"8652": "HMGBKOJEDEA",
	"26398": "LOOBBHOLNCA",
	"76": "ONJLICKIENP",
	"7453": "PBHFBEKBKPD",
	"4254": "GJFNMLMEPAE",
	"4206": "IAPEPBNILPA",
	"24084": "OEKOCKFFKPK",
	"1943": "FPLCCEECMKD",
	"9644": "JDHDGCJICCN",
	"8173": "MPOJECFGFGG",
	"23557": "NBEMPLDLNHC",
	"464": "EDHLOMKHOKN",
	"2298": "BKHPLKNNEMJ",
	"26657": "CEDPGKFOMJC",
	"5245": "EFIIODLKOEF",
	"23124": "JJCLPELCAKD",
	"20032": "FELGFOFNBHB",
	"24657": "OBJIODEHPDH",
	"28537": "CENEFIPFMBL",
	"7981": "FAOAAOMECLJ",
	"28478": "PNCLNFBPLFM",
	"9973": "EMMOADEPKBO",
	"1160": "PFGPLNFDIME",
	"7763": "PPANPIEPLKI",
	"24789": "KALPDJNAAGL",
	"27946": "POBKPBMJMLJ",
	"9792": "MLKBFJPGMBH",
	"25736": "BLEOEDJMCIF",
	"26942": "HDAMDPHPFGP",
	"3892": "JLBCADBLDCO",
	"8581": "KDALFCCGLBI",
	"3611": "EIOCPDHNGJH",
	"28135": "KJCFAPMHFGI",
	"23175": "PNDIIKOINLE",
	"9794": "EOMGDFJJCPO",
	"29070": "CDFJGKDOAOM",
	"28992": "MEMEOAANKOF",
	"22176": "LINGOFDNCIN",
	"5238": "CLLGBACEJJA",
	"8950": "NOCAELHKDGD",
	"7215": "FGGHCIOJLPC",
	"8295": "LMFECFEFOIJ",
	"6385": "BCJAMLJPENL",
	"7477": "JAHFGIGHEBK",
	"22531": "GEAKBLBOHJK",
	"752": "EJFJGOCOJBN",
	"24938": "JLINKAGHMFD",
	"25124": "CIGHDJKHIEI",
	"1967": "OJCGPDOOPMN",
	"3335": "OMLLPDDHIHC",
	"881": "BGBHDPOLMPA",
	"27870": "GFEDBEDGNNM",
	"4251": "APBGJEICIEI",
	"29243": "KKEJCOCPNPG",
	"28495": "CGAEBDOBFLB",
	"20463": "MMBMEPINCED",
	"21736": "HHBBOLOBJMM",
	"29830": "NABLLMAIHKD",
	"20840": "MCCNODBJFNE",
	"1162": "JIHOOKDMJPN",
	"3043": "LLJLBOOFIFD",
	"26887": "JNMJBJFGACL",
	"4611": "FKCMDGEPBNB",
	"22200": "BFCJBKFGFMF",
	"5027": "PNOPFKGBEBL",
	"23824": "FLKMFOHLBOH",
	"3710": "IBNAHNEMEOB",
	"29872": "PIBMLHHGIAH",
	"574": "OGEKKFJNLCA",
	"3772": "MDHLIHNOMAC",
	"23206": "NGIOHKNMBJN",
	"1756": "CGJAAAGOFBP",
	"23161": "EOFNFMMEPAO",
	"26230": "IHOPOFPEGGG",
	"8206": "EGEHBEIPLHL",
	"2173": "EGOHAKCFPBM",
	"5683": "PHAIFDMCDCI",
	"3095": "MHNLELBMDBF",
	"5742": "FOJMLIDLLDG",
	"24701": "CMJEGFDEDIF",
	"5065": "FJOMBNNJPGA",
	"1939": "OFEEHBBCJNC",
	"8411": "MHDNHDBJGNM",
	"2851": "DEHMDAPMPLL",
	"25806": "NFIDJJDEJLA",
	"1004": "KAHDJBAOBJI",
	"4152": "JBJNMIFOBFA",
	"7700": "LEILIADLPJA",
	"4751": "HCJIHAOCJGN",
	"29275": "PAAOFGOPJBJ",
	"8118": "GOEMCLNIPHH",
	"6264": "BGABLKMGIBE",
	"24000": "BFNOMBAMEAC",
	"3189": "PDFKJNLDPLI",
	"20227": "OBPLENDFNKH",
	"6820": "MOJIKPKJGOL",
	"5969": "MOEKNBINPGM",
	"28575": "EBEOCOHFJCM",
	"28921": "PJDOOBDEHKM",
	"8174": "PGGEKIOINKG",
	"7606": "GEOMELDDNEO",
	"8459": "COJJDJACJPJ",
	"2643": "NNCDNMNEEBG",
	"25338": "CFLOHLKLHID",
	"29158": "IJPOCEDDFDN",
	"29348": "NNFKBBNADJM",
	"8860": "GFMCPHNHAOP",
	"28764": "KONKONCIJKP",
	"8607": "FHLMGPEMFHK",
	"7104": "BDIJEFEDNDM",
	"25438": "MOAAEFCAFFL",
	"29149": "CDFGMOBBNGC",
	"5298": "OFLFACNNGLD",
	"23803": "FBAGOBEDAKC",
	"324": "NFGDIMMNOKI",
	"20670": "EMDHEPLAKMD",
	"21278": "LCMPJNCNDPB",
	"23551": "ADGNCHNLHFA",
	"4469": "PMHNNOHHEBM",
	"25372": "FCLCEOOPNNF",
	"7297": "NCLHGGLMKOD",
	"22496": "FDALBGHCICL",
	"22314": "EEGNBOKDMIA",
	"29161": "PDLKPDGPHAO",
	"22311": "ELFOOPCPOFO",
	"24043": "ACHCODHJIEN",
	"23489": "NMKBEMMLPBI",
	"6068": "JBOLFAELBHH",
	"22322": "ALPEHMGGCLI",
	"5269": "MCHJGOPKBFI",
	"142": "PFDHPACGCHK",
	"8870": "MHPDBJOGFPC",
	"22198": "JMHLHEFLBBJ",
	"22618": "EHGILGOALNN",
	"26709": "FLDBEBGONBM",
	"25642": "CGNOFEHEJJK",
	"21982": "POCEHDEIMJA",
	"7194": "OIHHDCMNJCE",
	"7939": "JHNNKHFFFKO",
	"1822": "IrodoriScanEntityReq",
	"24542": "IrodoriScanEntityRsp",
	"21158": "AIPGBPEKBHC",
	"28095": "CJBPOKFEKFG",
	"25264": "LFPEBHEGHDG",
	"7678": "BJGNBPPDGHJ",
	"4718": "APHDFOMPAMN",
	"24636": "EIPHKGALEDC",
	"25803": "JAHHABKIPNJ",
	"6928": "FAIMLHLLIFL",
	"26573": "JINIJIBBCPG",
	"22284": "KIFDMCKDPME",
	"9417": "HJKEBOOCHAJ",
	"23492": "OOICIFDCIIO",
	"6801": "PBNOFCNKHPD",
	"21478": "OMODDMEJDAD",
	"28101": "FOFKGANHKHD",
	"5091": "CIFGAEINODL",
	"6729": "PCLPFOOEIHE",
	"23621": "NNJICDAGANL",
	"25882": "CPPJFLFCIME",
	"20928": "BOFPLKINNKN",
	"22909": "HPHOLIMDBDB",
	"29845": "FCEKIADHJJF",
	"3251": "HLNKABHNIPK",
	"20915": "HFHOBHJFBJN",
	"29584": "PJDBLNLJMLL",
	"6847": "PBMDMOAMPBF",
	"22620": "FGKFODJEFOO",
	"4511": "CMOMIHLIOCK",
	"1644": "NAMNJKIFCCG",
	"5493": "OLPFOAFHFCL",
	"29073": "BIDLNGODOIO",
	"21865": "FAAFMADPHOP",
	"6630": "MGICKDBDFFG",
	"22303": "LLLPFHIILOP",
	"448": "HELMLAIJDHM",
	"3749": "FGMFMKAFAPN",
	"26071": "IFBNFAHNPBM",
	"27222": "HMIBMPGPODH",
	"23876": "DKDFPEJPPFO",
	"5906": "HBHPADELJOO",
	"26356": "GFADBJBBJME",
	"991": "OJOJOIOBDLH",
	"25677": "GPAIOLOGKCI",
	"7340": "ANJKLJOONEP",
	"7845": "ECNNJHCNNND",
	"23409": "MIIACCOLHIK",
	"7589": "DFCBIOHMAMK",
	"26856": "DHJMICGMJMH",
	"2479": "BPBGLJFDOHO",
	"25035": "CKIEEEFNBCN",
	"27402": "DBCMPHNMBKJ",
	"25985": "IBBCLELENCF",
	"9499": "JOPGCOINGEJ",
	"20302": "GNIHGOEOILM",
	"25115": "BJAAFCCDBDK",
	"3695": "NCJIGDCCJHJ",
	"25299": "GDOIJDBBHGB",
	"29344": "GIACLNEMKOD",
	"3110": "DIKDCJMENBE",
	"2961": "INLKOLFJEFF",
	"25970": "MJFKHIKHBPF",
	"5282": "PHCEAGMOFIL",
	"6947": "ONAIPHNJAFH",
	"26805": "MHOODPOEGKJ",
	"29573": "DALMAOCOBBL",
	"1107": "HJMPFHDBBAG",
	"1542": "LGNGOGJLMHA",
	"23361": "OFCGJGLNBND",
	"29377": "LGCEIHEFBNE",
	"4946": "OICOBBGACLG",
	"24420": "EKHKJCDDLPM",
	"24571": "HNAEGOAAKDC",
	"4223": "DAKLIIJCEMD",
	"1287": "BNMAIBNNCKH",
	"4121": "FKBBGIPMDJB",
	"7774": "LLBLEKEIFGK",
	"22665": "MLGKMPAAIOD",
	"20377": "NJECDEDHKKK",
	"347": "EJHEHMHDNGI",
	"25927": "LKEAKCLGCLP",
	"27167": "GPBOHKMBFIB",
	"20011": "KEIJHJOMKOF",
	"4892": "OPKDCOBMADL",
	"20814": "GCHMFBOHDCL",
	"29897": "BMGJNKDAMKL",
	"7356": "OOPKGDPNIEC",
	"25288": "KJJCMEBPAPK",
	"2698": "JNNMHLHCCCP",
	"27282": "MEGLDBAFLDG",
	"1026": "IGBLGNABIBI",
	"29032": "PDJOCAEIBDK",
	"28377": "EOMEEPICOBP",
	"7784": "BJDCAAJCPJE",
	"6750": "MLDMOKBEGLD",
	"23821": "LGBMHCJLLLJ",
	"29147": "FIHCEBLBADA",
	"27108": "EKGBMEBJCDI",
	"6522": "CJCMODILOOM",
	"3316": "HFFFIKOMFPH",
	"24799": "EBBHINKDGCK",
	"20872": "MOMKMKPPOMP",
	"725": "CGFFKOEOBKF",
	"20386": "BBKCCBNMLDG",
	"3685": "OIECBIMNGID",
	"21707": "LGFIDNMHACO",
	"28946": "IAPDODMLCGB",
	"143": "OBFJIKHHMLK",
	"20925": "PEOLFJKBDCK",
	"3388": "DIBBBFBILOJ",
	"8984": "CFKIICMLPGA",
	"20045": "NDNNHAEIEIN",
	"2183": "JJIIMLNCPFP",
	"9697": "EIAIAIGIAKB",
	"5665": "KGJMFKOJFHN",
	"25449": "AGDJCJHFDOM",
	"29444": "KJINKJEOKBB",
	"22490": "PFPMJHNNCGM",
	"7877": "CDIOFAJEIGA",
	"8516": "IJDLMGPBJNJ",
	"9764": "ALEHBIPDPME",
	"7490": "CIMDIONEDFD",
	"28480": "ICMEAPPFLGF",
	"7344": "NBKBMGOKLDO",
	"7588": "NKIIFECJCNM",
	"29189": "FAIABOENMFL",
	"3004": "LGJKLAKMPHE",
	"3333": "HLDOBONENPK",
	"28067": "CGNMPPKKJDF",
	"22335": "EFDFBADMDJB",
	"6563": "MDCNEJOAPJC",
	"22781": "CNGPMCFJJHI",
	"1226": "OKGHHNFKBAN",
	"5881": "PFCPKPFKGFH",
	"26971": "FHKLPCBMFOF",
	"27736": "BFKEAMNCGHM",
	"6216": "NJDCFFEJPPH",
	"24333": "JDDFNNPLEBA",
	"2813": "BBGPPJCLKDD",
	"25459": "BFBMPFLHPDF",
	"28549": "DJBPDIFLICA",
	"4140": "CLCMPGNEFLI",
	"20755": "LDMIFDNOHJD",
	"25593": "HANDABNJNFB",
	"25412": "GALDPKFGMID",
	"29620": "IIEGDFIGDFC",
	"25649": "FEOENHNFKPP",
	"25248": "CPPNAAHFPCE",
	"29191": "HJOLDFLEOKN",
	"24404": "KKBAKDEPLML",
	"8804": "AFGOCAEKCMK",
	"3959": "KAEFKOLIFCC",
	"6650": "NLKILGOPGFP",
	"28208": "KNCMFIJEBAG",
	"5042": "MCPKKDCGPBF",
	"8145": "OBELPCKMCPO",
	"8662": "GJPJAMGGHNO",
	"1302": "OAHMOICCDED",
	"4308": "LLMNNLDJAJP",
	"22262": "NEKBFBICHFK",
	"21155": "AOABEBGMBIJ",
	"4852": "OLEMCDOPEDC",
	"27428": "IFPIOJMNCKJ",
	"22667": "EINDFLJFHCL",
	"4639": "CJCNCOOEJNC",
	"8901": "PCCCECDHBML",
	"6091": "LAGBENCCKCG",
	"1385": "CAKLFLCCJCO",
	"28904": "PJANOHFCLKD",
	"824": "LLCIAHJDAKK",
	"25036": "PKFGFDBLCGN",
	"22553": "FNJBPAKHEPB",
	"20271": "BBICHIBDLID",
	"28284": "GEMHKKODOLF",
	"898": "JOKEPECEDIG",
	"7794": "CCMGNEMDLKO",
	"179": "OOAMEANGFPB",
	"23981": "LAMLDNKCILK",
	"5186": "MPFPLGMOGCC",
	"23487": "FHEIADBBEAJ",
	"28823": "JMNPLDDEPFK",
	"1482": "PGNBLIJFIKC",
	"2718": "OLFFLJMAHHH",
	"2865": "ALEMHHLGEKE",
	"1351": "BOEOCLOHKLP",
	"8979": "OFDKCIICFBI",
	"27400": "FHAAJGNAKPB",
	"5325": "KGIHNJMOHDL",
	"6467": "JBHKKPDNMOI",
	"2838": "EICJDLIFNMD",
	"27223": "POLGAELBPKP",
	"26508": "IFILDOKLGPO",
	"26673": "OCEKHGHJKCB",
	"5395": "IDMGELBAOEE",
	"29495": "LDOLKKLKKFH",
	"4478": "IFLDIDFBPHM",
	"6": "CCHKNJJCDPP",
	"2582": "KEEMNMHNNFJ",
	"9822": "DGKBIJMBNNO",
	"7760": "PDOMDHLBNOJ",
	"22349": "EDDBFFEGOLC",
	"1975": "NOIOBDBIPPF",
	"7957": "PPMBHIPHLCM",
	"20289": "CLDBCCNEPDB",
	"7090": "FIAGGKKILDL",
	"23662": "KNIGOMPCICK",
	"28577": "DPAALNFLJMH",
	"22599": "PDJOCDKCMFN",
	"8966": "LNDCHKLAGJC",
	"24907": "CPPHBENLCGE",
	"9400": "LHNGEDHCNHO",
	"9799": "NJLDPACKBKK",
	"8734": "OPGBANKBKFK",
	"8855": "MHFBAONCCJJ",
	"9901": "OHINAGJDHCF",
	"3311": "GIFDJCEHFGK",
	"1849": "INIPKPHMAHJ",
	"26810": "BGCKLEPPKAP",
	"8665": "HKNFCFCCCBP",
	"29072": "KEGGDFCGNBE",
	"7438": "MCEEJNNBHIB",
	"5827": "MEJGBEPIOBO",
	"22823": "EBJOECGGGLB",
	"2027": "JADCLDGAGNA",
	"25933": "JBFFIFPLGBC",
	"23739": "HDLIDGFCJIF",
	"24525": "WindSeedType1Notify",
	"28053": "WindSeedType2Notify",
	"21443": "WindSeedType3Notify",
	"2290": "ElectroherculesBattleSelectDifficultyReq",
	"24905": "ElectroherculesBattleSelectDifficultyRsp",
	"21188": "MCKNMKIPMGD",
	"21219": "OBIBAEDGGKP",
	"6449": "FIBLNMKNGJC",
	"5457": "IFHCOGBINEM",
	"20325": "PGCLLDEMDKA",
	"4404": "KCOOLHGDGNI",
	"27166": "OLDAELFKDHN",
	"1325": "GGKCDEBAGDK",
	"5417": "EBKJMCHFBLO",
	"29264": "PLKLJOJKAMC",
	"9729": "MBELJJFKJOG",
	"26394": "MOGMCKMFKNN",
	"9659": "HCJIPJCFGJA",
	"21344": "IMDLDDNCIDD",
	"28844": "LFLEHMCKKHD",
	"6032": "CMBDMDBNDMI",
	"29677": "NLPCHDGJJBF",
	"26982": "IGDGBECJEGF",
	"29274": "BGCHAGHLJAN",
	"4022": "CMADBNDCKMI",
	"8859": "BILAKINIBGG",
	"20040": "PLNNAIAGKIO",
	"29713": "OKIGMIDDECE",
	"372": "ALBONMAOOMH",
	"24204": "OMJEMELJAIO",
	"29519": "HHAOOIPJJPF",
	"27193": "IGDEPLLHDFF",
	"2113": "OEOECAPMMJI",
	"3419": "CLCLGDGJACH",
	"9892": "LHJIOFAEOMJ",
	"5385": "FLOFLFCPHEA",
	"22241": "NFCPLMHCEND",
	"24411": "GNFGEOBMPLB",
	"29622": "IKBLCKKEHIG",
	"29975": "GDNKGBKNBCO",
	"9339": "DFOMKDEDFOO",
	"3155": "PLGCENGLBIF",
	"319": "OCBBMIOELCO",
	"2276": "JDAFGGHAIIK",
	"6306": "LHLNNDNEION",
	"28720": "DKJHINOANIF",
	"21455": "CMALPGGJPLM",
	"2525": "LIGNJLJOJDL",
	"3031": "KDBEIDKJKKA",
	"29423": "PKBLOINIOKP",
	"740": "OLGMEABCOEC",
	"58": "IBINBEOLHKP",
	"6527": "HGENCKDDOPB",
	"26275": "EMKAKGLCEEM",
	"21723": "EENCHNADEFK",
	"3182": "LJCBLDJFKNM",
	"28723": "PBOJHKMCNMN",
	"8508": "EKGOMGALOHF",
	"24507": "IFPDAKNHNFC",
	"24955": "LLFEHGNPKBE",
	"7372": "CNKBMJOICCJ",
	"6375": "CGIJMJHMDIC",
	"24988": "LFILOODEBNJ",
	"8964": "CNEDIABCFFI",
	"5163": "CANMOPCFMIH",
	"2585": "PFHAJCMPNID",
	"19": "ICCAGOFLHKP",
	"8818": "KIOOBLMEBEM",
	"23656": "DIDDBIMKACA",
	"28070": "FOOLICBIGJF",
	"9004": "HHEFMKFHMCL",
	"29326": "FCDCIJBDCFD",
	"29994": "KBMJINEKFBG",
	"27719": "JKGNDHNFHGG",
	"21602": "MFBGONCOANE",
	"5789": "EKCNINDCJAG",
	"5214": "MNPOFBGIHLP",
	"5258": "FOEHHJDILNM",
	"28715": "KCBCJAAMLGD",
	"26596": "PABJDJFPJAN",
	"24913": "DGFHIHPKJGO",
	"24211": "MGOMGNDJECA",
	"26983": "ODGNPHPNAOD",
	"20223": "JHKOGKOPCCK",
	"29514": "EHCAENPKANE",
	"299": "MBOCGNHKENO",
	"28769": "DEGBFCEGPHN",
	"20661": "GFBJODMKGIF",
	"6007": "NHGKJMMFCBJ",
	"26968": "APEGHEJNFBE",
	"29092": "FLKJAFLMIAL",
	"22376": "JGOHNNADMID",
	"20480": "IKNPPGBMMEN",
	"26195": "LPIGAJMKONA",
	"28685": "JJINBANNOHI",
	"28976": "GAAHHLIGPJI",
	"4583": "JFABFMDDONI",
	"20553": "HEOCDHJOLJP",
	"3456": "JLJAJANOAMB",
	"6433": "GKONFBBCPEJ",
	"22168": "KIKBLNFALGA",
	"3537": "LFJBOCDCJHM",
	"6465": "MHJLLKDLIDO",
	"9180": "MBLEPFKICCO",
	"20986": "MKHFMOLDKHC",
	"29926": "MLBNPCJMFFE",
	"9629": "BGEMJPEIAJK",
	"3003": "KLLMEDJOFNN",
	"27368": "FHJFPNEALLH",
	"505": "POOPHMGNOMK",
	"5033": "OPANMAMMFAP",
	"20191": "LHKJGEHEPGD",
	"6814": "CHOFMMPAOJA",
	"22896": "JOFKOMHMGMK",
	"23512": "NMEAODHDJNL",
	"22541": "LBEKBENDKHD",
	"8110": "DAAPMGDLKCI",
	"5134": "EGHLMBKKCKF",
	"20858": "BICCDOKCLNE",
	"29581": "CPIPDGIEKPJ",
	"5026": "FCJCMJCKJHH",
	"5442": "DPDDIJGOADH",
	"21034": "BBGPONFKEBA",
	"27709": "IFBJFJNFAEH",
	"23752": "FKLOKOGGGPH",
	"25397": "HHIHHCEMIOD",
	"21297": "ECJCALIKNME",
	"3872": "FHPMKKHFOKL",
	"26588": "NMGGIPMAGKI",
	"8309": "GDAPOGMBGHD",
	"1486": "BLOILEFJDBA",
	"24552": "OIMGAGJMIHE",
	"27320": "FMMBCODALPH",
	"28253": "HMONBACKIDB",
	"3076": "BEIPLNDHMBB",
	"3381": "AAFCDGGKEME",
	"20030": "ACJOPOAIMLM",
	"683": "IANDFECJDHP",
	"22006": "HIKGOCEPBEO",
	"26436": "FCCNKHDEIGF",
	"9367": "CFLNOAKKPMD",
	"989": "LNFBAAMPMLL",
	"20037": "CMFANONELLC",
	"1270": "AGAHMCJFLKC",
	"20639": "PAIEHDFECPO",
	"1953": "JNLGBABKBDC",
	"25413": "CMFIKFIMCMM",
	"26681": "ECIGIDKJKEP",
	"20839": "PHFDPAICFIB",
	"28318": "AOAFHKEPKCI",
	"23322": "OMONIMGFOMP",
	"3014": "GILKKKJBKLI",
	"26295": "AMPFBMJOABF",
	"20903": "CGGBHLDCMNL",
	"2854": "BHIMABBNGJK",
	"6394": "NLOOFNHEMML",
	"6823": "DBFNANLHAPE",
	"20365": "KJBAAEEOMOA",
	"6316": "GBHOKJKBBEA",
	"6748": "EOLHEJKAOCO",
	"2607": "MCKFJNNOIGB",
	"1758": "OOGADCCGNDE",
	"29755": "IEELIIEBPBO",
	"23162": "FNIEPPGDALH",
	"28995": "EJPJOENDABM",
	"3538": "NIAFCPBFFLD",
	"123": "MEONDKJBNHL",
	"6217": "KCLILMMDOAL",
	"4320": "ICGEJLPBEBB",
	"9452": "OEHDAGAFPCP",
	"9024": "GJODKIEEFKJ",
	"21430": "KAKDOMFKHJK",
	"24104": "EFHEPKPJKHN",
	"22264": "OIEEHKNFEJF",
	"21695": "LDHGFLEOAJG",
	"22588": "CHFDPDLLIKF",
	"3491": "JMDMNDABGHJ",
	"9820": "BGDHFGNPNDN",
	"22740": "PAMCBGNLKBM",
	"21094": "FNCMLLGGBHI",
	"26939": "ENEIDLNAEIN",
	"8584": "KJBMEELEKDC",
	"20301": "BEAPPJLLACL",
	"28309": "JGGKCCAIDEA",
	"7434": "PPNJLLOBAKD",
	"6534": "FNIFIBBBJNC",
	"23777": "OFHFODCKMKE",
	"4202": "NKPKCOJCOFJ",
	"5888": "LGOIBJDGFIN",
	"1690": "NBMMHOOINHJ",
	"28718": "CCGIAJFEMPL",
	"7423": "AranaraCollectionDataNotify",
	"25954": "AddAranaraCollectionNotify",
	"7378": "CataLogFinishedGlobalWatcherAllDataNotify",
	"1855": "CataLogNewFinishedGlobalWatcherNotify",
	"2089": "AvatarAddNotify",
	"3466": "AvatarDelNotify",
	"27894": "SetUpAvatarTeamReq",
	"5102": "SetUpAvatarTeamRsp",
	"26370": "ChooseCurAvatarTeamReq",
	"20406": "ChooseCurAvatarTeamRsp",
	"3268": "ChangeAvatarReq",
	"25733": "ChangeAvatarRsp",
	"25923": "AvatarPromoteReq",
	"20584": "AvatarPromoteRsp",
	"25243": "SpringUseReq",
	"6094": "SpringUseRsp",
	"4439": "RefreshBackgroundAvatarReq",
	"26322": "RefreshBackgroundAvatarRsp",
	"9275": "AvatarTeamUpdateNotify",
	"24251": "AvatarDataNotify",
	"5998": "AvatarUpgradeReq",
	"5307": "AvatarUpgradeRsp",
	"975": "AvatarDieAnimationEndReq",
	"682": "AvatarDieAnimationEndRsp",
	"357": "AvatarChangeElementTypeReq",
	"6674": "AvatarChangeElementTypeRsp",
	"23393": "AvatarFetterDataNotify",
	"29154": "AvatarExpeditionDataNotify",
	"4744": "AvatarExpeditionAllDataReq",
	"7688": "AvatarExpeditionAllDataRsp",
	"5378": "AvatarExpeditionStartReq",
	"6254": "AvatarExpeditionStartRsp",
	"8368": "AvatarExpeditionCallBackReq",
	"7282": "AvatarExpeditionCallBackRsp",
	"24375": "AvatarExpeditionGetRewardReq",
	"27697": "AvatarExpeditionGetRewardRsp",
	"8849": "ChangeMpTeamAvatarReq",
	"8504": "ChangeMpTeamAvatarRsp",
	"863": "ChangeTeamNameReq",
	"23087": "ChangeTeamNameRsp",
	"5835": "SceneTeamUpdateNotify",
	"28289": "FocusAvatarReq",
	"20633": "FocusAvatarRsp",
	"6275": "AvatarSatiationDataNotify",
	"25883": "AvatarWearFlycloakReq",
	"24346": "AvatarWearFlycloakRsp",
	"2786": "AvatarFlycloakChangeNotify",
	"3655": "AvatarGainFlycloakNotify",
	"20123": "AvatarEquipAffixStartNotify",
	"8790": "AvatarFetterLevelRewardReq",
	"932": "AvatarFetterLevelRewardRsp",
	"9529": "AddNoGachaAvatarCardNotify",
	"29282": "AvatarPromoteGetRewardReq",
	"7224": "AvatarPromoteGetRewardRsp",
	"25195": "AvatarChangeCostumeReq",
	"9962": "AvatarChangeCostumeRsp",
	"4214": "AvatarChangeCostumeNotify",
	"8677": "AvatarGainCostumeNotify",
	"20581": "AvatarChangeAnimHashReq",
	"25301": "AvatarChangeAnimHashRsp",
	"9839": "PersistentDungeonSwitchAvatarReq",
	"24502": "PersistentDungeonSwitchAvatarRsp",
	"21738": "AddBackupAvatarTeamReq",
	"5377": "AddBackupAvatarTeamRsp",
	"24110": "DelBackupAvatarTeamReq",
	"29545": "DelBackupAvatarTeamRsp",
	"5054": "AvatarTeamAllDataNotify",
	"22299": "AvatarRenameInfoNotify",
	"9321": "ItemRenameAvatarReq",
	"22271": "ItemRenameAvatarRsp",
	"289": "DGONPJHMNNL",
	"21239": "HNGLJKIOOAK",
	"25535": "FPEEONAPBPJ",
	"7093": "AEFGLFJENNG",
	"5135": "KGPHFJEBGGA",
	"20212": "MGBPFEDPFBF",
	"6398": "BattlePassAllDataNotify",
	"8829": "BattlePassMissionUpdateNotify",
	"29375": "BattlePassMissionDelNotify",
	"22986": "BattlePassCurScheduleUpdateNotify",
	"28264": "TakeBattlePassRewardReq",
	"8754": "TakeBattlePassRewardRsp",
	"22146": "TakeBattlePassMissionPointReq",
	"3560": "TakeBattlePassMissionPointRsp",
	"3267": "GetBattlePassProductReq",
	"7775": "GetBattlePassProductRsp",
	"4527": "SetBattlePassViewedReq",
	"28752": "SetBattlePassViewedRsp",
	"2619": "BattlePassBuySuccNotify",
	"4630": "BuyBattlePassLevelReq",
	"20272": "BuyBattlePassLevelRsp",
	"29405": "GetBlossomBriefInfoListReq",
	"28809": "GetBlossomBriefInfoListRsp",
	"8994": "BlossomBriefInfoNotify",
	"20849": "WorldOwnerBlossomBriefInfoNotify",
	"2757": "WorldOwnerBlossomScheduleInfoNotify",
	"27102": "BlossomChestCreateNotify",
	"1195": "OpenBlossomCircleCampGuideNotify",
	"9675": "PrivateChatReq",
	"8530": "PrivateChatRsp",
	"6349": "PrivateChatNotify",
	"23698": "PullPrivateChatReq",
	"3924": "PullPrivateChatRsp",
	"28137": "PullRecentChatReq",
	"29621": "PullRecentChatRsp",
	"8926": "ReadPrivateChatReq",
	"24765": "ReadPrivateChatRsp",
	"9362": "ChatChannelUpdateNotify",
	"24284": "ChatChannelDataNotify",
	"6566": "ChatChannelShieldNotify",
	"27824": "ChatChannelInfoNotify",
	"8436": "HMIACMGLFDB",
	"28372": "HJKLFHOAMDC",
	"27505": "DLEAIFJFMGO",
	"28644": "FBNBHJLOODJ",
	"8726": "ECBDKGJFHKC",
	"8909": "DAOHNGMOEJI",
	"667": "GOGKKLDFPDP",
	"5311": "PNGAHGNKIMI",
	"4256": "JPFPBGCCHFA",
	"6414": "CICHMNLGCFC",
	"21452": "CMBPJNABJBH",
	"22469": "LFMNJBNOKGO",
	"8231": "MMNJMMAKFDF",
	"5782": "DGAHEMNAMHJ",
	"9662": "MBMNKOMLDHJ",
	"28554": "FLIJMMNBBKB",
	"21664": "DFDOFOHMGJJ",
	"21983": "OJCJJCIJLNC",
	"3595": "IPPEHJPNGLF",
	"27702": "FCJDHGEKPPN",
	"468": "EKMOCLJAAJC",
	"24918": "FKDJAEDFOPB",
	"28311": "NNEHHOHMDBA",
	"9023": "GFDGKLPHOAP",
	"29477": "LDDPANPHMEP",
	"238": "ALFIDBBDLBH",
	"27219": "HHGJNHNGECH",
	"20800": "GBLLNIKJILM",
	"24975": "MKLPECLFMOO",
	"22544": "JGGIKNBLDCD",
	"24171": "BBJNJCDKIPG",
	"9726": "PBMCNKAMKHM",
	"5559": "PFBPFLDDADP",
	"21618": "DADACLBKMAI",
	"5713": "JEEEBDDCCNC",
	"29608": "JOEHBBJNINH",
	"900": "HAKOMBPKBIF",
	"2759": "OJOGMLPEJAE",
	"22357": "EHPJHEJFHNH",
	"415": "BILLDHMMBLA",
	"4933": "BMJMOFBDHIK",
	"25941": "MMFEIDFCGJE",
	"638": "PJIEIDODNGG",
	"23729": "GAIABNBGAEM",
	"2019": "DABCFHGMJNP",
	"27415": "PAHAJHPCAAB",
	"20862": "FBGKAMHDKNE",
	"9580": "DDHEOCEHOCE",
	"22047": "IGPIHLCABMO",
	"23343": "PDJNMACDGBB",
	"21555": "AFBNELKODJO",
	"6803": "IHHLFMMLFGB",
	"27980": "FMEIMLILEML",
	"3612": "CPGAGNDMKIB",
	"26986": "JLBMCLGGMEN",
	"205": "HDMEHJGGKIE",
	"926": "IFAOHKPCELH",
	"7060": "NFEGKPDMCNF",
	"24852": "FHJMPKFNEIP",
	"1546": "IIHKDGGKECG",
	"28864": "JJGDJJJLAFP",
	"28587": "BNJKPFPNNLF",
	"22979": "GFDBBABOFCG",
	"28219": "GEAGBEGNKCE",
	"29935": "GBBINFHBFAJ",
	"27567": "MJEBBCLNCNM",
	"8928": "FKLHKLGMHCB",
	"2783": "BIOFBHNAIAM",
	"20754": "JHLJNFEFGPL",
	"5799": "BMDILLFHLKF",
	"9971": "PBNNECMBPDM",
	"28889": "LIJFGFJIDKB",
	"21973": "BINEEFEHGNB",
	"27889": "NJBJNABIOAO",
	"1031": "CLMCDDKLHHD",
	"2670": "HACBHECDPDL",
	"21108": "POFDPECKOKF",
	"21531": "NOLCKEDHCLC",
	"28360": "KGEHFLDNEGP",
	"28267": "LPIKAANCKCO",
	"3371": "JCMMAIBIEGD",
	"6771": "OMFDKKLNAAM",
	"9627": "LGBEAJBIBCG",
	"20919": "OMGMHGADJCI",
	"6412": "IINADLECAGK",
	"26638": "EJIFAJJOKGH",
	"9583": "PEDHKMDONFH",
	"25827": "DPNOLCEDKMF",
	"25371": "LGCAIBHOFCP",
	"8507": "PMKKCGABJLB",
	"7569": "CAPEDLBEHJP",
	"5167": "CPEFFAGNIPG",
	"316": "FNNPHHGBJCK",
	"135": "HIAGFADFGHP",
	"9547": "AOPPPLDGCCB",
	"25394": "DOLDHHMKHKF",
	"6360": "DungeonPlayerDieReq",
	"25214": "DungeonPlayerDieRsp",
	"711": "DungeonDataNotify",
	"6633": "DungeonChallengeBeginNotify",
	"29742": "GNJLAIEFBPP",
	"4252": "ODLKFGBOBOB",
	"4350": "NKBBHNPKOJL",
	"8520": "NEGHEAPIKIJ",
	"26222": "ICJKFAKNMJF",
	"25875": "DFCOMCPOGLC",
	"22031": "OLNGHIIKEMM",
	"25181": "KELAPBMMAHB",
	"4447": "LKAMPMLEBFG",
	"27332": "KKHDDHMOIBK",
	"21507": "KGOEKFGDKKI",
	"22338": "CGFCJEGHKAD",
	"26268": "PIKDPGBHOHL",
	"21070": "POKDIGLBJEA",
	"8105": "CLNPPBPNJEO",
	"7985": "IDNFGNOHMBJ",
	"2669": "MHLKPFNOPKJ",
	"6092": "GFKJBPLFMAL",
	"706": "NHELFCCPPMH",
	"2068": "KCLOMDEDFIA",
	"20073": "OOMLMNHLHAK",
	"24581": "JCOPLCGKKHB",
	"946": "LDDIIKOHPIN",
	"25990": "MLBAMFIMDIL",
	"20197": "ABOHMIMGOJI",
	"28879": "BBODLDNKKAH",
	"27283": "CCMHCIMMKCN",
	"1395": "KBMOKPGHOPF",
	"2423": "GOHEONEELDN",
	"4712": "KJPNEONEMLB",
	"21499": "DJLDKKEEJBM",
	"4747": "PJOOMMPIMDD",
	"1390": "IKPNLELKMND",
	"28739": "IILKDBIEEAI",
	"22084": "PNOJJKDDFDH",
	"5968": "ONLHNGKNNEF",
	"21885": "INNPDGFPBGF",
	"8153": "CECDNFMLODN",
	"4166": "DGFEJGDPEAF",
	"28306": "LODNIGHMLCO",
	"3045": "AJFJFNAMFFG",
	"8510": "DNBKFAIFEBI",
	"5057": "OEILAILICKL",
	"27660": "CHBHOOOMDAF",
	"22948": "FOAICGMNAIM",
	"29691": "PFCGJHJALGL",
	"21642": "PADANJKLJFD",
	"26380": "HostPlayerNotify",
	"7555": "EvtDoSkillSuccNotify",
	"7831": "EvtCreateGadgetNotify",
	"65": "EvtDestroyGadgetNotify",
	"23086": "EvtFaceToEntityNotify",
	"28299": "EvtFaceToDirNotify",
	"4750": "EvtCostStaminaNotify",
	"20615": "EvtSetAttackTargetNotify",
	"25824": "EvtAnimatorStateChangedNotify",
	"20913": "EvtRushMoveNotify",
	"9823": "EvtBulletHitNotify",
	"27013": "EvtBulletDeactiveNotify",
	"22516": "EvtEntityStartDieEndNotify",
	"5739": "EvtBulletMoveNotify",
	"27156": "EvtAvatarEnterFocusNotify",
	"905": "EvtAvatarExitFocusNotify",
	"786": "EvtAvatarUpdateFocusNotify",
	"1602": "EntityAuthorityChangeNotify",
	"9309": "AvatarBuffAddNotify",
	"8458": "AvatarBuffDelNotify",
	"3144": "MonsterAlertChangeNotify",
	"5461": "MonsterForceAlertNotify",
	"20237": "AvatarEnterElementViewNotify",
	"24644": "TriggerCreateGadgetToEquipPartNotify",
	"27478": "EvtEntityRenderersChangedNotify",
	"2491": "AnimatorForceSetAirMoveNotify",
	"22295": "EvtAiSyncSkillCdNotify",
	"23223": "EvtBeingHitsCombineNotify",
	"373": "EvtAvatarSitDownNotify",
	"8420": "EvtAvatarStandUpNotify",
	"7488": "CreateMassiveEntityReq",
	"1435": "CreateMassiveEntityRsp",
	"23016": "CreateMassiveEntityNotify",
	"2026": "DestroyMassiveEntityNotify",
	"9917": "MassiveEntityStateChangedNotify",
	"21584": "SyncTeamEntityNotify",
	"28150": "DelTeamEntityNotify",
	"4643": "CombatInvocationsNotify",
	"7658": "ServerBuffChangeNotify",
	"3432": "EvtAiSyncCombatThreatInfoNotify",
	"1864": "MassiveEntityElementOpBatchNotify",
	"7015": "EntityAiSyncNotify",
	"9589": "LuaSetOptionNotify",
	"27417": "EvtDestroyServerGadgetNotify",
	"4912": "EntityAiKillSelfNotify",
	"381": "EvtAvatarLockChairReq",
	"110": "EvtAvatarLockChairRsp",
	"24651": "ReportFightAntiCheatNotify",
	"9323": "EvtBeingHealedNotify",
	"7895": "EvtLocalGadgetOwnerLeaveSceneNotify",
	"21089": "EnterFishingReq",
	"24132": "EnterFishingRsp",
	"2999": "StartFishingReq",
	"22998": "StartFishingRsp",
	"28388": "FishCastRodReq",
	"965": "FishCastRodRsp",
	"25391": "FishChosenNotify",
	"9899": "FishEscapeNotify",
	"27004": "FishBiteReq",
	"656": "FishBiteRsp",
	"2608": "FishBattleBeginReq",
	"8587": "FishBattleBeginRsp",
	"701": "FishBattleEndReq",
	"7516": "FishBattleEndRsp",
	"23692": "ExitFishingReq",
	"25143": "ExitFishingRsp",
	"23018": "FishAttractNotify",
	"3278": "FishBaitGoneNotify",
	"23940": "PlayerFishingDataNotify",
	"9398": "FishPoolDataNotify",
	"22791": "GetGachaInfoReq",
	"27309": "GetGachaInfoRsp",
	"8791": "DoGachaReq",
	"1372": "DoGachaRsp",
	"8656": "GachaWishReq",
	"21619": "GachaWishRsp",
	"1685": "GachaOpenWishNotify",
	"4113": "GachaSimpleInfoNotify",
	"26154": "HAOMGBPAFFP",
	"29611": "GadgetInteractReq",
	"5232": "GadgetInteractRsp",
	"29582": "GadgetStateNotify",
	"8771": "WorktopOptionNotify",
	"25858": "SelectWorktopOptionReq",
	"24214": "SelectWorktopOptionRsp",
	"7228": "BossChestActivateNotify",
	"21552": "BlossomChestInfoNotify",
	"27366": "GadgetPlayStartNotify",
	"6832": "APMAANJDJBO",
	"21061": "BAPHFINNIPI",
	"22283": "DCHDNLNFLJB",
	"3925": "HIKDJAGDOEM",
	"7032": "FOGFLCCJLGI",
	"3494": "ENHHJOAMBIK",
	"27362": "CAFLLIODBHH",
	"20085": "HJENBNIKFIL",
	"6450": "PJOJDCOBBIA",
	"6828": "OMBMOJIEAKB",
	"21497": "EGAGOJPBJEO",
	"527": "BPAFINAPANN",
	"23026": "COOKAOBIHFO",
	"27718": "MMPNINAGOAJ",
	"25304": "NGCNEHDFJID",
	"982": "DFPLIBEPHLH",
	"97": "MHMCCKKJOOH",
	"5788": "AFAMCFLNNDN",
	"20514": "MDMCCCKAJLA",
	"5333": "PKADPBPIIBK",
	"6844": "BLJCNKGMAHD",
	"24106": "JCBJJMCKBKP",
	"2986": "GILDCMMJBLH",
	"27346": "ELPPBNGMDMO",
	"29315": "IPKAJEAJCJL",
	"26229": "OPHBJJKJDHD",
	"28795": "GMCONBFFBGE",
	"22718": "AHAPMIHEJKB",
	"23493": "DBCADLFANEE",
	"8047": "KICFCLHECFH",
	"9773": "MJAIOBLJPLH",
	"23266": "NOLNNFCBBGE",
	"21134": "NJJNJJMECAO",
	"26101": "DOKGAPHNIJD",
	"792": "JBCANHOMGKN",
	"29180": "GGFADIDMFPH",
	"28385": "EMDNIAGNLLJ",
	"7021": "HJMBFEONKPJ",
	"649": "CAOOOOLPBMI",
	"23366": "LMHPIJHEHJH",
	"29467": "KFIBNCCABHF",
	"28339": "NNMKHCHIEMB",
	"590": "LPAJMPOCMEL",
	"24441": "GKFINDLMPDK",
	"23200": "CGFCCHJBCBG",
	"9366": "FOJACFPJPBI",
	"26910": "JPIFJMCILGK",
	"20658": "MBFJNCJNKHO",
	"8838": "JALIHKNGPPK",
	"28228": "MFBPNFNABCD",
	"26727": "GLNELBAJPFJ",
	"23717": "ONPKNKAAKDF",
	"28380": "LBANLFONPCH",
	"22728": "PNCGCLEAIIA",
	"6952": "NIBNIFAGDAE",
	"2003": "HOGOOMLJPBL",
	"5340": "FEBCPIDKJFP",
	"5787": "GLJABMCMFOG",
	"6345": "FHBOLNHJBJH",
	"2435": "BDEHHLPNGIO",
	"9922": "HMHHCGFKBDK",
	"27058": "GMKNKKAOLAE",
	"6731": "NGJPABCIFNE",
	"24736": "AFELFNNJNEB",
	"746": "BCCGHAOFCBN",
	"4924": "HNLKNOPGDKN",
	"24682": "INAILMJNLJF",
	"3854": "NHKPBNCOEBP",
	"23386": "BGNNAJDIBKO",
	"1336": "JBBDIJCLMKH",
	"5860": "CHLKLLFDHJL",
	"24788": "DBEIBJDKIIC",
	"2524": "AIMIMONPKJF",
	"382": "PGCPBHMNGOF",
	"7701": "PDOLHIGECLL",
	"20932": "NHGFGPKGLOH",
	"21264": "KFKIDPBHGNK",
	"24648": "LOPCNAIGIPA",
	"20635": "HBALAHAOEHD",
	"25775": "BPPDEGKBAAD",
	"27232": "LPDEPOMJMJE",
	"6890": "NEMMPAFJFHI",
	"6720": "GKONHFGCEJG",
	"4609": "FBONNMMAKEI",
	"1995": "MJOBHIONEEJ",
	"748": "OLKDNAIKFFF",
	"9223": "CAHJMDDGENP",
	"9491": "FOJBPDONOMO",
	"6747": "OGIIBAAMPHE",
	"1594": "OIMMOIODOIJ",
	"23919": "FHFNFKJJDLD",
	"23516": "FGGKPPCGCAI",
	"25472": "CMFNCOONGKH",
	"24267": "JBDBIFBFDAM",
	"27016": "LLCMGLOLDNH",
	"3940": "MIBCHPFKNOO",
	"9835": "JLCJNHJNLAD",
	"27532": "JMHFHKEFIII",
	"25684": "NBPCKJDAPMN",
	"23576": "NHDBONKOMOL",
	"28305": "NAFICEBNGNL",
	"21468": "AFEKBALHGED",
	"25136": "HMLEKDFAKGO",
	"21080": "KFOHPLNGJEJ",
	"26046": "ENDJDOBJIJC",
	"4268": "MOEIMLBJFIH",
	"9730": "BFOCPEOCNHA",
	"5669": "LFGLCHLAPBA",
	"9555": "EIEMIEPJGPD",
	"28314": "OBDHIPNKOAH",
	"842": "MOPOLMAIOCC",
	"23312": "KMKKODIPOKK",
	"1465": "KLHMGLNBFEN",
	"6270": "MPBMHLPOFDA",
	"8059": "JNLIPJDFEJP",
	"25310": "IAJPKKKAOEA",
	"26346": "JKPPBLOIMNM",
	"3843": "HJIPENAONFF",
	"7392": "GBEINCKCBOM",
	"29022": "AHGJOHCBDBF",
	"20540": "EKOCPDNLDNH",
	"21237": "KALBMIAPCBC",
	"39": "OOLHJMIMLAC",
	"26589": "KLKGJHHJKBD",
	"9253": "EOOMDDPNBFK",
	"4361": "DPCMHJLKFEN",
	"29536": "MGIIOOJNCNN",
	"4229": "CODNBKNFPCG",
	"28167": "FCFEBBMBMFO",
	"22926": "AOFNLNHMMOP",
	"29410": "KEDLNMNKMPJ",
	"897": "BFANKIKMEBM",
	"7169": "IBGBLNEPCEE",
	"7186": "DDCJGKOBIGL",
	"21840": "NBMOHONIOBD",
	"24263": "MOLFLOBKFPL",
	"23056": "NNKALMOPGPF",
	"29623": "JBGIGIIBMDP",
	"4842": "IBHCGCFGLAD",
	"20557": "OPNGDJJIFFB",
	"25398": "OKKBAOPENOJ",
	"25746": "BNFFBENHFPB",
	"27314": "JADBIIIFJFG",
	"6445": "ALNFMAFCBFK",
	"5490": "NEKJELPHBMP",
	"7137": "GNNDKBNHLNE",
	"27481": "KECFKGCAIOI",
	"5901": "KAECNNGJIHH",
	"6662": "JOPICPFAEGP",
	"29331": "BADNAONJEEE",
	"1094": "GCBIGIKLIFI",
	"1293": "HLAEHEGGAKA",
	"24945": "KIPOCBAEJHL",
	"9624": "AFJCANIJBIN",
	"8973": "MOFJNEMLHDJ",
	"27155": "HFHCIJIMLLF",
	"7480": "HNEBLEMOOKM",
	"29775": "LCHEBJADOFI",
	"847": "LNLICHGDAAK",
	"8046": "ICHLAGKAJNE",
	"1930": "FKAHEEMPGJI",
	"4695": "KFLHKHKDJII",
	"1191": "OAPKIMMJEKG",
	"4883": "JNDEILOCOOE",
	"25043": "DJIFBBCOLJK",
	"3673": "MMGLBIAMPFF",
	"7384": "EMMECJFLBLM",
	"9428": "OBMAPFJGKNN",
	"29005": "PNMMNDLHMFD",
	"6884": "AODLEMHANLM",
	"22475": "LFAENOLAAAI",
	"7470": "NPKMLJLAOFO",
	"8858": "AFCGHACKLAJ",
	"21565": "LEKLLOADGNK",
	"22389": "NIJBNCPGJBH",
	"23759": "DGGDIKEHMFL",
	"2453": "GFGPPAEFKGC",
	"9191": "AHOCKLDDAIG",
	"29150": "JAAMIOCOIPE",
	"2972": "HCIKDDKOLHP",
	"8015": "FEIFLCJAOGD",
	"5660": "FBBBJBJDEAN",
	"1764": "OOIBHANGJBO",
	"5810": "ALADHJDFGDH",
	"6484": "MMPLFOEAHNK",
	"692": "EEBFDCMPIPJ",
	"28906": "MINDGJLEFEH",
	"27880": "NIBCHOKPFCO",
	"1709": "APOHGGCKIGK",
	"6683": "JMNFEMALAJA",
	"2088": "KFGKBJFOBKL",
	"27138": "JOGDJMEFDFN",
	"4398": "PELLIAJHDJA",
	"24099": "DEOGCNJGIGM",
	"25417": "IEMICGHDOPP",
	"1679": "PMOBMKBLPCO",
	"26800": "MOKEPOCPKKK",
	"6543": "EDEJCCPPOOL",
	"7252": "EECIHPPLANH",
	"26543": "JEDEKDNLIJC",
	"1665": "DBIDDFHHBCK",
	"7348": "HLAPNCKMHOC",
	"8093": "EBDDNKKFBKA",
	"755": "JLLFOOPCCKG",
	"3029": "CLOFAADHGEK",
	"9561": "GECBJKDJLCP",
	"1119": "OODBAGKNNGI",
	"1707": "NIKMNDKKGME",
	"29117": "PIBDPGKBFFP",
	"25825": "PEDJPOAKILB",
	"1833": "PEHDBGDECLJ",
	"6648": "DPKFPHNAKDK",
	"1899": "FJPDCECJHEC",
	"20537": "AIJPFJOJILJ",
	"144": "PLEGPILDHNI",
	"3071": "EAEKFEOPDKE",
	"2974": "DDMLDCCDBOD",
	"8753": "IBDDMKPCDFC",
	"251": "JOGMGBHDIJE",
	"29270": "LBDBGAJCDCB",
	"24299": "KAIKMBNEPNG",
	"1984": "EKPAIEIGAFH",
	"262": "HDHDNJBFLJN",
	"29276": "PALHPHAINLI",
	"3814": "APMDHGDFIPO",
	"9961": "GDOLLKCDKGO",
	"8155": "ANIPJAMNHJB",
	"4659": "GKAFIAPEPIO",
	"25349": "BIKIFFBNBAO",
	"5482": "GMDHKBHKNKP",
	"3400": "NJCIEJJCJCB",
	"25067": "KDMEDIBAALN",
	"23839": "JKAMPIGIJEJ",
	"3198": "ACAKAIFLLLA",
	"22821": "FIJFFDFPCBB",
	"21054": "BDBKBOPECME",
	"28643": "LMJBPOIDMFM",
	"23070": "FEHIKMPBENL",
	"8810": "GECPKADDFCN",
	"21226": "JPADPOBMAAC",
	"8306": "LLLBJOPHBNB",
	"20671": "CGBENKKBCHP",
	"24276": "HOLKBOBNILJ",
	"5558": "JLKCGEJGFOP",
	"1788": "BKNECCNGKFB",
	"24838": "JMDOMNFOFCL",
	"8437": "JBGBHMHMHAM",
	"1029": "PMCOKEPAPAN",
	"23217": "LLKHBPKHIBL",
	"25197": "NKJHOBGMPNA",
	"28920": "MNDOJFDGANM",
	"5430": "CCKMGBKCHLC",
	"24368": "DHAJDENGFAO",
	"6492": "BLOMGLMMOGA",
	"22690": "LGPLINHBNLL",
	"22642": "KFEHLDIEDCI",
	"20379": "HCEDCKAKLAF",
	"1600": "KELOLLEHCBF",
	"8010": "HDNKADOGFCA",
	"21137": "EDBNGIBKNGC",
	"27404": "HOBAOKFJFAO",
	"22861": "HDAIGKCNCAB",
	"20558": "KECEAOJBKMN",
	"21911": "HKMDOGCDALA",
	"5565": "MEPCGEADODI",
	"2614": "MGNADMOCPFE",
	"25223": "HCMJKJMEGNG",
	"23003": "BEPNKDCIJGF",
	"21181": "GCLJBONDKAP",
	"28416": "KLDLCCOLINI",
	"21879": "JBDGAMFIDAN",
	"28966": "EADNNCKCJBH",
	"5929": "MDOOOHEPALF",
	"26340": "FJNJMGFMLAC",
	"29692": "FODPOBCCBCF",
	"7871": "BKMFEDBGODE",
	"29781": "PADEHDFALFK",
	"510": "ODDLAMLNLNB",
	"28863": "MDOEKFKOAMO",
	"7817": "BLFGKMKHPBH",
	"29256": "HNFKPDDLNNC",
	"9998": "CAPHNCAEPBI",
	"6278": "GGOMDHCMFPC",
	"27212": "JHHAMGFFAOO",
	"9613": "DKCINJOJBNI",
	"1913": "AGCJBPFEMEB",
	"21284": "GPGJLDBLADH",
	"9317": "JNGODCLEEEA",
	"27664": "BNGNGBHPHJI",
	"9531": "NIIKCNECFLG",
	"33": "KDHBBLAAILA",
	"21785": "HFGLOECGCEF",
	"7221": "PPKIANMMCOE",
	"28354": "DJCLIONHMJL",
	"22064": "ILGFMCOMAKD",
	"7441": "EFEFEOGCDEO",
	"27245": "EBAEHGKFNAC",
	"28108": "NEMBBJNDPPN",
	"29091": "BJLHKDOOJOI",
	"5182": "KAJEHGMGMOB",
	"23497": "CGPEIFEAOIK",
	"8837": "MDODPEMJOPN",
	"9829": "JHNLHOJBNCP",
	"8965": "HOFPBFIFHDN",
	"8144": "HDNNIBOCNCK",
	"26654": "NNDDHMJEPKB",
	"6066": "HGFDFKLNGMG",
	"6307": "IAKDHOBHDJE",
	"7333": "HBJBJOGKKEK",
	"22763": "PKINGNJGEFF",
	"25760": "LCEIAGGFEIN",
	"1580": "EMJIPFKLNCF",
	"25032": "MBDFKPPPOIC",
	"1305": "FHDGGJBNKML",
	"21554": "KNNINDHFBHD",
	"26871": "AMOPHIECOKB",
	"1778": "ELAFMKFDEKN",
	"26867": "HDOFMIONOOB",
	"3807": "NMHEFCHCIEM",
	"23933": "MDDNJGGPEMO",
	"9277": "HNAHBHPLCGL",
	"26118": "GHIAFPGLKCC",
	"2896": "ADHBCONLIOC",
	"20233": "GCILNMCHMLC",
	"21105": "EBAELJABIEP",
	"4667": "DHGDNKMPBIC",
	"26650": "IKNNIGPCIKN",
	"27730": "HKNPPMLHOMA",
	"24902": "HBOGFDEJBEI",
	"29529": "PDOOBHELDOO",
	"20288": "CNONNHAOKIK",
	"7656": "DPPIKCHIFAB",
	"5198": "AOJOJLLHMGA",
	"23281": "NJMLLADOCDC",
	"28165": "FPLOOLOLIFL",
	"20327": "MGGODBOIDFH",
	"577": "ALBDHELKEBO",
	"1015": "DCDBFMFKFAP",
	"8061": "LFCEBOMJIAN",
	"2730": "IGNKINJFJPG",
	"27539": "CGJJDJKKAEE",
	"6274": "NEFOIPPHNJO",
	"24997": "IACCICHJLGJ",
	"2839": "ECEHHNFFPIA",
	"25633": "OFFNLFKABJG",
	"3747": "ICCLAGBMAOG",
	"3922": "OLPLJNGBEPC",
	"1283": "ABIFANHPHDG",
	"22509": "AAIIFIPBHKG",
	"684": "LHACLAJGJMJ",
	"6725": "ALMFGHDIACI",
	"22002": "LJIFIPBDEHO",
	"3117": "MJHIDCBDHAN",
	"28677": "EFPGNDPGHHE",
	"24454": "EAJOHOEBOLK",
	"28865": "LOCJCLECJPC",
	"5815": "AHEAANOJOKM",
	"29640": "AJGEACOCNCM",
	"5780": "HPGJLPHEHFA",
	"8135": "FLILPEPDIHH",
	"29526": "AOHAGAJMNHB",
	"9027": "JNIAIGNOHMA",
	"6421": "BGNPJFLGNFF",
	"3692": "MLOMPAGELCH",
	"29324": "BFIAGJGPOEO",
	"20433": "JPCFEFIMKFJ",
	"27890": "MPKELCEAAFA",
	"5215": "ALKHBBEIHNC",
	"8362": "PDKPDKPDAGN",
	"22785": "LKBHOABOCHA",
	"9143": "CKMPPNCPEAL",
	"7376": "BDIOHHKMBPA",
	"9219": "OHIKIOOJKMM",
	"5073": "PCBIFPKLEMP",
	"7729": "DNFOOANFDII",
	"4529": "CBNBHBCPFMA",
	"9009": "NKIEALJGAKL",
	"28326": "BINJFBDEDLH",
	"4952": "IFFAAAADBCA",
	"23794": "AKGAIBBPGAA",
	"598": "FAJLJFPHMBG",
	"9170": "FODIKDCLMEH",
	"7182": "OBOKFJJJGAA",
	"23372": "JACPMJMEAHB",
	"23088": "KFFLLLKNMJC",
	"7894": "PKOHNNFOEJK",
	"5871": "ILADAHOIMBM",
	"22554": "NIIEPKIOGEI",
	"20279": "OIHKPOFCCGA",
	"27881": "OHGCPIOOJOE",
	"22636": "BOIACFPMLPG",
	"25111": "HJOHGLFIGHD",
	"4222": "NFPCCLKNHHE",
	"25362": "PFGMEDDMHOA",
	"100": "CFMABKHDICP",
	"27957": "HPDGFMFEOMH",
	"2188": "GIHFOPLALLB",
	"8805": "NPHIEIBIOIL",
	"24224": "IMHIIOBLDAM",
	"25141": "ANAIEABKGDD",
	"287": "DCKEOJBJLMF",
	"7963": "CKAACPHECGJ",
	"5561": "JGMOHCNKDNB",
	"6774": "BPBBOCAJCIJ",
	"29209": "IBKFJGOLIGF",
	"20604": "BCNCBPBMKNN",
	"25566": "IPOOJJMIGIK",
	"20851": "EDHAMGKJPHC",
	"1139": "MarkTargetInvestigationMonsterNotify",
	"6371": "InvestigationMonsterUpdateNotify",
	"20246": "InvestigationQuestDailyNotify",
	"5350": "InvestigationReadQuestDailyNotify",
	"9906": "PlayerStoreNotify",
	"21113": "StoreWeightLimitNotify",
	"8149": "StoreItemChangeNotify",
	"28608": "StoreItemDelNotify",
	"3131": "ItemAddHintNotify",
	"2534": "UseItemReq",
	"20729": "UseItemRsp",
	"23353": "DropItemReq",
	"29522": "DropItemRsp",
	"24944": "WearEquipReq",
	"5984": "WearEquipRsp",
	"27552": "TakeoffEquipReq",
	"2216": "TakeoffEquipRsp",
	"20741": "AvatarEquipChangeNotify",
	"23464": "WeaponUpgradeReq",
	"21925": "WeaponUpgradeRsp",
	"2451": "WeaponPromoteReq",
	"24851": "WeaponPromoteRsp",
	"6618": "ReliquaryUpgradeReq",
	"1278": "ReliquaryUpgradeRsp",
	"29159": "ReliquaryPromoteReq",
	"27564": "ReliquaryPromoteRsp",
	"9108": "AvatarCardChangeReq",
	"6453": "AvatarCardChangeRsp",
	"4504": "GrantRewardNotify",
	"20961": "WeaponAwakenReq",
	"9748": "GFPKLPPPGGH",
	"26027": "EDDDOHFBOGP",
	"2984": "DOJGAPFNKFK",
	"27077": "CombineReq",
	"26015": "CombineRsp",
	"6835": "HOJFPPLGPKD",
	"29299": "KIGEDIAEAAC",
	"29509": "GGIPANMGAHI",
	"29380": "JLBPMIJBBKG",
	"22702": "EHGAIJFPPKJ",
	"26092": "ELFCFOCLNFH",
	"9437": "HJBNOHOFGGL",
	"9450": "BKBBIBBMKHJ",
	"5407": "MINHFIAHLOK",
	"25233": "DKDMADLCKOF",
	"9485": "KDPBOCMDNEJ",
	"4270": "DJDDLBALFAP",
	"27978": "OLENODBBNIF",
	"28287": "ECNLMOAHPPO",
	"20860": "AHIBGDCBNEE",
	"2862": "PEHJILJKNCI",
	"25548": "HHIPGEDNKNE",
	"27573": "DCBFFLEIOLH",
	"3746": "CDEAHHNMJFO",
	"9118": "CBFHLAKIDPM",
	"24378": "DFGDECNPGKO",
	"3061": "PCHHOJGBAPD",
	"21948": "OHLDLFNKLOE",
	"24437": "CDFDLCKOLHI",
	"704": "MNALMLHBCHP",
	"21302": "OIJDMNCEOOI",
	"4352": "ACFMODANPJD",
	"28754": "GFHKEHOJKBD",
	"1931": "DKFMMNIMCJI",
	"29892": "CCKBFIBLNBH",
	"21903": "PKJCJADHPFE",
	"27562": "JKLDKCNAGNF",
	"1909": "GLLOJNFEOIG",
	"888": "GIBKIMOFFCE",
	"1246": "HJELFDOOLPO",
	"9568": "IOFAOCEHGDI",
	"24459": "COJDFGPPCOB",
	"7814": "DJAKDNGDAMF",
	"24800": "HBKBLHAGPAJ",
	"5209": "KNJABFEELID",
	"27420": "HMOBOBCEKHE",
	"493": "MFOAKMEBBNI",
	"1163": "FJBODFBGOJE",
	"6548": "ODINKEDPAFJ",
	"26324": "JDNECPBJBDE",
	"22191": "MPMMEKJIBPE",
	"27575": "JJDDDMLOOKF",
	"26004": "DPLPPGNFLKH",
	"2203": "KNLGODKLGPE",
	"29580": "OKMFKKEDLCK",
	"4048": "DBLHDGKMNCD",
	"20894": "NBFAJPOFCIC",
	"3963": "JCFCJJMHFJK",
	"8329": "LEKANFFBLPA",
	"26245": "IPPPIEBJHEG",
	"22906": "ODLCLCHABDM",
	"1689": "EKIFEBBIBCA",
	"8807": "NFPPLNLIPNJ",
	"21349": "HANPGLFJLEK",
	"4248": "BBEOAOKILMG",
	"9077": "DOMKGIFHJAF",
	"545": "AEHNEEFCLHE",
	"71": "LEANKNBAPGE",
	"26219": "KFCNJPGOOHI",
	"3067": "BKICGJKIMOF",
	"6898": "FPKINOCHHHF",
	"22997": "DHOMOMAHBBC",
	"29576": "HBALAFJMDAG",
	"28402": "GJOKCNCHEHL",
	"4160": "HBFNCFBKGLN",
	"1793": "CDIMLHKEMCN",
	"21890": "AGHGFIEIGDJ",
	"28942": "HNOGEMMJHKE",
	"22753": "DHIDNCGCFFP",
	"4144": "OMJBHLKDIIH",
	"7599": "HIPPKPNMDKK",
	"24977": "JHNINMGOPCF",
	"8702": "KKDBKNIBHDO",
	"4881": "NKFJCDACGMO",
	"5408": "LOOJHAHJCOP",
	"20562": "JKFLKNIFCBA",
	"24484": "FFOPBKDLNAI",
	"5800": "BPKPAPHIIJO",
	"9495": "JMPCJMFJGFO",
	"6047": "FMHMOGBCNIH",
	"3788": "IJAPNGFABOI",
	"26753": "PLPBIJMMDPF",
	"29310": "INNHPDDGAOO",
	"6497": "DHHPAPCAKAP",
	"22981": "PJEMBAIDOAB",
	"25527": "ECLCCDEKAON",
	"27974": "PEAADACDPNA",
	"20005": "NMFPFFIOIFL",
	"8429": "ECBHKINBIIE",
	"27030": "MGMPIDGIHBI",
	"3691": "KDNDPIPACKA",
	"549": "PingReq",
	"20939": "PingRsp",
	"3976": "GetOnlinePlayerListReq",
	"9942": "GetOnlinePlayerListRsp",
	"5680": "ServerTimeNotify",
	"26338": "ServerLogNotify",
	"4480": "ClientReconnectNotify",
	"22093": "RobotPushPlayerDataNotify",
	"8080": "ClientReportNotify",
	"26538": "UnionCmdNotify",
	"1875": "GetOnlinePlayerInfoReq",
	"27735": "GetOnlinePlayerInfoRsp",
	"29560": "CheckSegmentCRCNotify",
	"25604": "CheckSegmentCRCReq",
	"6869": "WorldPlayerRTTNotify",
	"4795": "EchoNotify",
	"546": "UpdateRedPointNotify",
	"20341": "ClientBulletCreateNotify",
	"3085": "ChangeServerGlobalValueNotify",
	"5753": "GmTalkNotify",
	"2450": "ACNHJKBDDAO",
	"26933": "IHBFEFALCMK",
	"28364": "ODOMCODKGGN",
	"23881": "CBIFMFNBFFM",
	"8157": "PAIHCGNKHMH",
	"9477": "BOLPIKFKFAJ",
	"21464": "HAJKBJOKDOL",
	"7866": "ALKFDFGCHOB",
	"8140": "NKKIFAOEIHA",
	"26546": "CLMPNHNCNBI",
	"20068": "HPMPIMLCMDB",
	"3323": "CLLNLNDLHJC",
	"25023": "HGNJKIFLALE",
	"27713": "FIPKNLPEPFJ",
	"6507": "BCOJHFDINEO",
	"4791": "CMEGEFBFIMM",
	"3709": "NPAIKADJNMD",
	"7170": "IMHJHADOIAO",
	"9851": "IFMECGLBHFP",
	"26041": "DLMCAKOFKKO",
	"25926": "DPKHCDJPIAE",
	"28498": "JNOJHDCNHDD",
	"26624": "CGNBLIGEAPG",
	"26989": "OFBEJKOFNDG",
	"24432": "CCBPEHCLJKP",
	"2473": "DKHPMCELCND",
	"7156": "OOBKHNLBAEA",
	"29328": "FNHOOBOMFIA",
	"29039": "AABJJHPBFNK",
	"5511": "PBMKBKCAHMC",
	"4968": "LOGFHDOLAPA",
	"1221": "IIINKCOIANB",
	"3999": "DHEJNDKKOGO",
	"27289": "OHJHIFNPCMF",
	"23518": "LFADCKEFBOP",
	"20513": "IEFIMHOBAEE",
	"25180": "KLIJINKAHHB",
	"2852": "JJJOMHPNBPN",
	"5463": "DEPOOADKAKD",
	"1907": "CBCBHBJIAHL",
	"1574": "INJJFOIMAIH",
	"24160": "JJKAHPKGPBI",
	"29896": "PIKPMNMLBKN",
	"1731": "GGPOAFHNAIC",
	"29343": "EAPBBGHHKGO",
	"6990": "FJJOAOHIJME",
	"4212": "IAEKIOMDHII",
	"20065": "GIOKGFIKALD",
	"21480": "EFFDEKJOECD",
	"20245": "HDMDHDMIBKM",
	"7231": "PCPCBAFGHEJ",
	"26929": "LNDAIDNADKH",
	"26095": "HKJLKGNPMEF",
	"4085": "DIBHIBDNKOG",
	"1261": "DLKCNLLBAKD",
	"9885": "HPEDMJLNGPD",
	"28355": "KGFKANNDGAC",
	"23907": "MICEGDNCOFM",
	"20548": "MKOOAPCOCJN",
	"8366": "FCMMBGLNLPA",
	"20229": "CELEPOJGLGH",
	"27043": "ANKGHDELJPB",
	"920": "OMJEEDDLMIN",
	"28923": "KMHKDFNNMAE",
	"3196": "HCOGNOEEAJO",
	"1547": "LOFENNCANLL",
	"1108": "AFIENMJIEPL",
	"20086": "FNDAKPBEIMC",
	"9637": "GNHFKIBACBE",
	"3169": "HCLAKCKADKK",
	"20908": "KDAFCHKENOD",
	"25101": "NCHBDJHOMDL",
	"4461": "FJLKMMLIHFI",
	"1453": "MDLJACLCGOH",
	"5695": "OAMBMKIFFKD",
	"28829": "BCCHFNHIHPI",
	"28590": "GJDCDMNLDNP",
	"1663": "GECFIOEOIOL",
	"1910": "OJOGDMCKHHK",
	"8215": "PKMGCLKMKFE",
	"1873": "IMIAALEEEBC",
	"8126": "CCOPJBHNDNL",
	"24861": "CAIMGOJPEPD",
	"23946": "BBHKDKOFDIE",
	"2005": "HJFPINLNAOH",
	"9393": "ANHIOCCLEGA",
	"28263": "NpcTalkReq",
	"2519": "NpcTalkRsp",
	"24143": "KFFPHDOACCE",
	"3797": "JGFLHPPOCKL",
	"29010": "HIPPLFHBAPE",
	"2184": "KBJNOOGDDFI",
	"2794": "KPGAPAFLMDL",
	"25087": "CGEHEPDPLAM",
	"26153": "MFBFFEFNMHO",
	"26691": "GALJKNJGLMN",
	"23848": "CDOIKPMIDII",
	"9064": "CADHBKPOONN",
	"8902": "PBPNCHLCDCC",
	"6959": "BLBOCLIMCKK",
	"25164": "BBAOKPAHFGL",
	"23908": "JAEKOJDLKGJ",
	"29246": "HEPDIIPHEFI",
	"5178": "HIHEEFHMAIN",
	"25610": "LHGFODKPCIO",
	"7019": "JHBAABGHODD",
	"22309": "POJFCEFOFNM",
	"3344": "HGNPLNBOPBE",
	"941": "DLFEDBGKGNE",
	"27853": "IIHODCFBJGD",
	"22436": "LDCHNJGCBHO",
	"2301": "GDFMNNPKFLG",
	"2314": "ADMKPIDFAMH",
	"2342": "FEIIPHJAHOK",
	"2325": "FFMFNFHBAJA",
	"2316": "BODLBLMHCLK",
	"2353": "PGIACBCNELF",
	"2363": "MMGGHHCEMIB",
	"2385": "PBNMDPPENKH",
	"2362": "GLLPKOJGLLJ",
	"2375": "GIOFCNMPIEI",
	"2357": "CNIOECBENDJ",
	"2304": "IDGFDLNOHJB",
	"2311": "GHBDJDBFDMB",
	"27208": "GetPlayerTokenReq",
	"24642": "GetPlayerTokenRsp",
	"8889": "PlayerLoginReq",
	"9913": "PlayerLoginRsp",
	"3247": "PlayerLogoutReq",
	"9875": "PlayerLogoutRsp",
	"23209": "PlayerLogoutNotify",
	"1969": "PlayerDataNotify",
	"7442": "ChangeGameTimeReq",
	"4498": "ChangeGameTimeRsp",
	"5758": "PlayerGameTimeNotify",
	"20759": "PlayerPropNotify",
	"21283": "ClientTriggerEventNotify",
	"5646": "SetPlayerPropReq",
	"29235": "SetPlayerPropRsp",
	"22402": "SetPlayerBornDataReq",
	"2561": "SetPlayerBornDataRsp",
	"25031": "DoSetPlayerBornDataNotify",
	"6374": "PlayerPropChangeNotify",
	"22404": "SetPlayerNameReq",
	"25976": "SetPlayerNameRsp",
	"20146": "SetOpenStateReq",
	"1900": "SetOpenStateRsp",
	"1575": "OpenStateUpdateNotify",
	"1378": "OpenStateChangeNotify",
	"6501": "PlayerCookReq",
	"6533": "PlayerCookRsp",
	"29617": "BKJNBFCEJKL",
	"9854": "IDJJGJMLPND",
	"6285": "ALFNPKKCHCA",
	"26365": "IDEECFMBGML",
	"8834": "LIAFIIJDHKC",
	"23216": "NPHCKJMENLO",
	"2971": "DBDCCFPOEBI",
	"6082": "HCPHFMCPGFM",
	"9987": "EIDALEGNBGA",
	"3443": "ODGDKKAPMJI",
	"2254": "CLEOHAGGEBM",
	"6517": "NKIOPPGFOOG",
	"28160": "PIDLDNLCPGO",
	"5573": "MHIIHDOCHNC",
	"28831": "NJEGBNKAILO",
	"28136": "NGJPEAMBMAL",
	"9332": "HBHBHEDNKOD",
	"27123": "NLKDCLICJLC",
	"4261": "MNFLGMDPHCP",
	"21407": "DGOPDOMFIMH",
	"28581": "KALPPCKPMCJ",
	"27175": "HNKAOPFAMFC",
	"21387": "GDMJOFOLAKH",
	"3064": "NAKPNFEOGBE",
	"20201": "JMBLLAGBPPJ",
	"7462": "JEKKMEPPOKD",
	"25764": "DPPNEMJEMID",
	"4069": "FIDNFBLDPGL",
	"9149": "IOIOMNBNLMB",
	"27995": "FDBOMFJOBLI",
	"7476": "JOGDLKGKIKK",
	"7890": "LHJDGKILKBL",
	"9670": "CBEDHBHDLHG",
	"2063": "CDCMNNDNOBJ",
	"22732": "MCDAICBPKLG",
	"27206": "AntiAddictNotify",
	"1583": "FMBJCMKFCEN",
	"25773": "BIJOAAPPDCE",
	"27091": "JOMNFGLAPPM",
	"7679": "MJJEPPDKMIO",
	"24131": "FHDGOANJBIJ",
	"21190": "CKBOPNNACEA",
	"9319": "HEAODIHEDLC",
	"9070": "FMJIHMDELAO",
	"20533": "DJDHDGPBEKA",
	"6572": "ADMGKEHJABC",
	"24817": "KOKDCPNLDLC",
	"2086": "APGIDGPBHAD",
	"2008": "FKNKNBFILJC",
	"4114": "GHCEKMEBHFJ",
	"26127": "DPNDMKMAAAH",
	"20836": "LMHNHCMNACK",
	"139": "NLBKOOGEMJO",
	"23815": "JLAEBCOLEII",
	"28277": "LIGHAKGNNJO",
	"28297": "OEOLHHALAOO",
	"28055": "MIMFAMEACAM",
	"27687": "AEBNBOFAPEI",
	"23900": "BJJPGKLIGPJ",
	"21687": "FJLDEPMOMGM",
	"1974": "PEEALIJCLGA",
	"1434": "LFIKDIPEPNE",
	"7379": "LENCHJHPLOA",
	"4651": "PMDEAPPGJKN",
	"601": "MEBEAJCJHIM",
	"3784": "FLMENIKDGLI",
	"24443": "DGPCEGNOCKC",
	"29208": "AINHKOMCHNJ",
	"25519": "IINDOPDMHHC",
	"2014": "IMFGIDFENJJ",
	"20281": "MLJNAMBMJHL",
	"9194": "BJLONGAOOOL",
	"28259": "LifeStateChangeNotify",
	"23128": "EntityFightPropNotify",
	"6915": "EntityFightPropUpdateNotify",
	"26014": "AvatarFightPropNotify",
	"397": "AvatarFightPropUpdateNotify",
	"9747": "EntityFightPropChangeReasonNotify",
	"24239": "AvatarLifeStateChangeNotify",
	"21373": "AvatarPropChangeReasonNotify",
	"29938": "PlayerPropChangeReasonNotify",
	"27784": "AvatarPropNotify",
	"4860": "MarkNewNotify",
	"20128": "JCHKBEDNPHE",
	"24287": "LHMNFCACAOF",
	"9389": "BNPEIKMDKLG",
	"23446": "KGIEMCIKOOE",
	"27432": "LHJMJLOAOFG",
	"7239": "CIGAPFPCNOC",
	"8557": "JEHJLPCMOJN",
	"37": "DKDJAEDCNJN",
	"23601": "PLBFKIFOJPD",
	"20012": "LHADNPFHFFO",
	"28411": "FHPGKJOFNHH",
	"5416": "JCOLNIGAICC",
	"3829": "CFEFOBEDDJA",
	"3478": "IOLPBIJCHFJ",
	"20667": "DBHKMCGDOCI",
	"21303": "BMOIAJKDPPB",
	"27757": "EDDBHNOIALM",
	"5679": "NCKDIFCOCLD",
	"211": "HFFODBBDBHA",
	"620": "CNMIJOOFLJI",
	"29361": "DEHPHKIKMAB",
	"24957": "LNEELENEKNC",
	"20652": "BCPGIKPIJCK",
	"27277": "KGAFCCOCLMP",
	"21254": "CBJIDJEOPBG",
	"5798": "DNOFJPBKFKB",
	"23267": "OAPPEHKFDEJ",
	"25929": "OFEAABMGIOD",
	"26049": "HGLHOKGJMIJ",
	"20508": "HOPCLFPKAHF",
	"3079": "MIOLGPCEBML",
	"20307": "MAOEOGCHHBL",
	"1010": "BALDAKJADDK",
	"7057": "PAJAIJNOFIL",
	"20096": "GGDJNGKEDPB",
	"28174": "EGDJCDDFNAD",
	"721": "HINIPALEEDJ",
	"592": "OFCEAJIFENO",
	"25423": "CHCDKKGFBMK",
	"1981": "FALGBOMCHJK",
	"28993": "ILOJCPHOLNC",
	"1632": "HEAILPKLPHA",
	"5052": "EELOGLONJAN",
	"20632": "NGJAMMDMONG",
	"5472": "ABLDOLGJGDH",
	"28200": "NPFFIECJBGB",
	"29528": "GDBEDEFHOAB",
	"3345": "FEGFDGKOIAB",
	"9480": "DANDPJMBOKP",
	"3500": "AABFNNOFPEN",
	"3406": "DDPAEGIKIPL",
	"6341": "NJGPONCINCC",
	"3167": "BHOAKFKCBOD",
	"4824": "IPMAGLCFHJB",
	"27305": "KGOANBACOPH",
	"27919": "OCMGDDIBKNK",
	"6916": "OAJHLIHAENI",
	"3911": "HOPMNGMGICP",
	"5302": "GFCMHDJMNDG",
	"1569": "GLOFJECFCBJ",
	"24679": "NICGILHEBOO",
	"5168": "JBBEDKHJKCK",
	"20563": "DBDDCAPPIGP",
	"181": "NMJLKPBAKOC",
	"24747": "DIBCNAOAFLJ",
	"24193": "EMIOPGLAPKD",
	"23244": "IJIJFKIHEGC",
	"25847": "FAPMKCPJAKM",
	"338": "IPCBBPBFCPM",
	"5832": "MGGHHHLOGOA",
	"27814": "OIAMJOAHFPI",
	"29881": "JNBDFCPEKKH",
	"24283": "POODAMOKKMO",
	"9039": "DIPHAGBFMBG",
	"9656": "KILKIMJAKEG",
	"270": "GJHFHODODKB",
	"22609": "GEMEJIOKABC",
	"26367": "LAAMBKOGCMO",
	"999": "KKOOBOBMHNE",
	"5481": "KMNEMHBBNKI",
	"5060": "IFEJOMHLMKC",
	"29355": "POPKNJPNNNP",
	"26374": "KJMAKAKONCA",
	"3010": "EDIIJADOKDA",
	"24897": "CKMADAGDEHI",
	"25542": "LIMPKLNMIAG",
	"29893": "JIECEOCCHDA",
	"5356": "EOOGEIEHLKC",
	"20989": "LHDHLGHFDNK",
	"27158": "GNEAGONEBDH",
	"20675": "BGLDBEEKCDG",
	"23961": "OECABODPCNN",
	"20973": "HJNFOKHHDOK",
	"5734": "NONFPHDGCIL",
	"24901": "HKLJPBIFKEB",
	"3355": "PIMHADNNHPL",
	"8502": "AGKKCMLCINH",
	"8442": "AAOKENHBNCJ",
	"2627": "BDMHNBLBKJC",
	"29818": "GNJOHKDOLNL",
	"28918": "KIEGKDPOGPL",
	"21542": "CIALPJHAHPK",
	"23496": "BJBGNOJECEE",
	"8514": "FLIBBHFJOBG",
	"3569": "FAEIGEFHJJD",
	"2554": "CHPIKNEHDKI",
	"98": "HOLMJKPLOFP",
	"234": "EKBKGACFHCP",
	"8588": "GCMEJCMLKAK",
	"3250": "DLBBAABHLAN",
	"29284": "GAKFIKKOHAK",
	"9306": "BLMHONOBBAL",
	"8897": "BGAAMCAODDB",
	"27944": "NCNDEIEFDDC",
	"8575": "OPPAAOAAKPJ",
	"9073": "OPCPAKGCLGA",
	"26178": "NFFNJFHKKGK",
	"22664": "EJNGKPFODDO",
	"6604": "HGLMGABMIEK",
	"2776": "FEGAMOKNEOO",
	"22619": "EFAFEKBAEEK",
	"7883": "KAIEPNLJCGA",
	"3913": "MOEFKPHPFMP",
	"6518": "IONIGFFKIOI",
	"22514": "DKIPHGCADPO",
	"27217": "PlayerEnterSceneNotify",
	"28881": "LeaveSceneReq",
	"24194": "LeaveSceneRsp",
	"8917": "SceneInitFinishReq",
	"9212": "SceneInitFinishRsp",
	"21994": "SceneEntityAppearNotify",
	"4715": "SceneEntityDisappearNotify",
	"24965": "SceneEntityMoveReq",
	"28771": "SceneEntityMoveRsp",
	"29950": "SceneAvatarStaminaStepReq",
	"29397": "SceneAvatarStaminaStepRsp",
	"26181": "SceneEntityMoveNotify",
	"21626": "ScenePlayerLocationNotify",
	"3602": "GetScenePointReq",
	"23131": "GetScenePointRsp",
	"23379": "EnterTransPointRegionNotify",
	"1488": "ExitTransPointRegionNotify",
	"23450": "ScenePointUnlockNotify",
	"3817": "SceneTransToPointReq",
	"28965": "SceneTransToPointRsp",
	"26718": "EntityJumpNotify",
	"26865": "GetSceneAreaReq",
	"28243": "GetSceneAreaRsp",
	"23415": "SceneAreaUnlockNotify",
	"24233": "SceneEntityDrownReq",
	"26140": "SceneEntityDrownRsp",
	"25490": "BLFAPMFMBPH",
	"1898": "EFKJGIGMMLP",
	"20538": "FLBMEPFDNOH",
	"25793": "KKOBJOGLNNO",
	"20038": "CMOLBIPNBJC",
	"23650": "PEDMAAELKFD",
	"3210": "NPKOKIMOAML",
	"28605": "CEIMMHBLJAN",
	"26462": "IAJHGPIPBEK",
	"7088": "PODINAIGLPK",
	"1795": "BGGKOAGDFBH",
	"4030": "BHGPBAKNMIE",
	"8601": "BKBPLFHDGLJ",
	"26458": "MJLDJCHOBLF",
	"4381": "OLNEHENGDCC",
	"29967": "FNHDNIGBIOH",
	"26562": "HLCNFIHFCHL",
	"3660": "LKIHHGBCPFN",
	"1631": "MPILPJHKAOC",
	"27073": "POLHECMPOGB",
	"3832": "DOLENMAEONN",
	"1231": "CMMPPDNPPDJ",
	"26448": "GECJBLGEBJM",
	"2493": "FCKOMFMKPHE",
	"8653": "CHMOPGGPJCE",
	"25045": "GGALBCKOHNF",
	"5051": "BLNLDPPODFD",
	"27096": "OAIKLEIPAGO",
	"3108": "FLOJMGFIFFD",
	"23718": "GCFOGDPKOFG",
	"28007": "OJOPODPFODH",
	"25090": "IDJFGIEEEME",
	"28686": "DIPAHCPLNHD",
	"25790": "OEDKKHHLKHH",
	"1142": "NKEKBMDOKLI",
	"9050": "GAJBKKDGFLD",
	"20001": "DDFINMJFOLN",
	"5200": "ClientPauseNotify",
	"26732": "PlayerEnterSceneInfoNotify",
	"29250": "JoinPlayerSceneReq",
	"29842": "JoinPlayerSceneRsp",
	"27578": "SceneKickPlayerReq",
	"21963": "SceneKickPlayerRsp",
	"24402": "SceneKickPlayerNotify",
	"24711": "HitClientTrivialNotify",
	"28030": "BackMyWorldReq",
	"8483": "BackMyWorldRsp",
	"23827": "SeeMonsterReq",
	"7508": "SeeMonsterRsp",
	"22458": "AddSeenMonsterNotify",
	"28050": "AllSeenMonsterNotify",
	"4509": "SceneTimeNotify",
	"272": "EnterSceneReadyReq",
	"28859": "EnterSceneReadyRsp",
	"23914": "EnterScenePeerNotify",
	"6434": "EnterSceneDoneReq",
	"29301": "EnterSceneDoneRsp",
	"23859": "WorldPlayerDieNotify",
	"6851": "WorldPlayerReviveReq",
	"7822": "WorldPlayerReviveRsp",
	"23344": "JoinPlayerFailNotify",
	"24996": "SetSceneWeatherAreaReq",
	"24190": "SetSceneWeatherAreaRsp",
	"24582": "ExecuteGadgetLuaReq",
	"25696": "ExecuteGadgetLuaRsp",
	"6874": "CutSceneBeginNotify",
	"6243": "CutSceneFinishNotify",
	"9550": "CutSceneEndNotify",
	"3947": "ClientScriptEventNotify",
	"8922": "SceneEntitiesMovesReq",
	"2919": "SceneEntitiesMovesRsp",
	"7718": "SceneEntitiesMoveCombineNotify",
	"20703": "UnlockTransPointReq",
	"21991": "UnlockTransPointRsp",
	"1209": "SceneWeatherForcastReq",
	"25316": "SceneWeatherForcastRsp",
	"3421": "MarkMapReq",
	"4597": "MarkMapRsp",
	"28812": "AllMarkPointNotify",
	"2101": "WorldDataNotify",
	"4063": "EntityMoveRoomNotify",
	"21934": "WorldPlayerInfoNotify",
	"9304": "PostEnterSceneReq",
	"5422": "PostEnterSceneRsp",
	"4374": "PlayerChatReq",
	"27855": "PlayerChatRsp",
	"4410": "PlayerChatNotify",
	"26057": "PlayerChatCDNotify",
	"29451": "ChatHistoryNotify",
	"27173": "SceneDataNotify",
	"29457": "DungeonEntryToBeExploreNotify",
	"4575": "GetDungeonEntryExploreConditionReq",
	"6709": "JHCNLIIBIGJ",
	"5750": "PCLNFPFKGKL",
	"23715": "IPGEBKIKOGM",
	"5406": "EFPHNNJHEAK",
	"912": "AJNOIILOFCC",
	"21217": "MINOGGDKEJO",
	"28087": "LDCIMDMACKH",
	"9369": "GHPBIKNMLJB",
	"27412": "JCKMEBFMHLC",
	"20164": "GPDIKGDHLOC",
	"27132": "CFONCJPPJKN",
	"5607": "OGPAPNDGIGJ",
	"22126": "HHCFPFEHGHN",
	"21118": "HHHBKGDDOIJ",
	"2697": "OBFMGODDBGI",
	"29525": "KHBMICKGOCJ",
	"24014": "BFFCGDHHIHO",
	"20049": "LCKPJHFBHNK",
	"26419": "GOHJLEAOJEN",
	"23503": "LIOMINAPJOM",
	"502": "COMODBAOOMP",
	"21248": "MFGLGDGECMB",
	"3526": "LJNBMCPIADN",
	"5088": "ADMEMFABBCM",
	"23198": "LLEPPIJOAOM",
	"24056": "ILPIMDKDNFP",
	"21091": "HitTreeNotify",
	"7149": "DDCCIAGENND",
	"5173": "IAHDKAKJDPE",
	"6305": "HANOJDIBDJN",
	"9268": "MMOPKHKOJFE",
	"9216": "OAIBINGOLKN",
	"26183": "GDBIMOEDDOL",
	"7259": "FEAHEJLIAGH",
	"3563": "GOCLLLAHDPL",
	"6298": "DEIKLMGCMOK",
	"27849": "CLAFCLNIKKO",
	"4901": "AOCDFMAKENP",
	"25387": "PIPDDDCCPOM",
	"27349": "OGJHDNLIDPF",
	"20159": "POIDFANBBGN",
	"25447": "MCIJIMOINMA",
	"22877": "FKLDGKMJDIJ",
	"8304": "JDNKNGOAIIA",
	"2785": "FHGFGIEEKON",
	"6578": "LEMEEEFCFJF",
	"28384": "FKGPLCJGLFI",
	"27201": "DLOAIBIOFAF",
	"20526": "NPAOJKEEOFI",
	"28890": "LGFEMDKCIEG",
	"4680": "JEFBJCJGHPC",
	"6765": "HKHDDCBHNCN",
	"24947": "CFHGBCPHIEA",
	"24505": "AOOPMODJPLA",
	"23197": "OBJCNOHHGHG",
	"21955": "PPNMMKAOAPG",
	"2141": "JOHJLGDEOON",
	"23658": "BELFMNJOKCE",
	"6481": "MIBPGHJGBKG",
	"27424": "EEHALDFKPBP",
	"5454": "BPFNAAFJIKB",
	"802": "GBFIHHMADOM",
	"24310": "CJOHGDMMGNN",
	"23272": "BGJAGONMJHA",
	"2100": "CDMJDBIBGMM",
	"24102": "OOCOMGDPOGA",
	"9291": "OLIIBPKMDIL",
	"25663": "JGCLCBJIIHE",
	"26216": "ScenePlayBattleInfoNotify",
	"9227": "ScenePlayOwnerCheckReq",
	"1198": "ScenePlayOwnerCheckRsp",
	"2810": "MPFBCDDCAPP",
	"22143": "GAIIDEJBAJB",
	"1120": "PDONIMFGAGI",
	"3551": "OOCLPKCAMPD",
	"7332": "PBFGBNJKPFD",
	"20062": "BCMGMAIEIOG",
	"20019": "IOEJDFOMKOO",
	"3201": "FGPJLCEDCHL",
	"2413": "BAAPEJFGGFO",
	"3916": "IIDEKCICCJM",
	"25051": "IJHPEAJENHG",
	"28300": "OHFCGDPOFHI",
	"25353": "BENPLHINCCK",
	"24167": "OPFMDADHJDO",
	"3019": "DGKOAFNFKIK",
	"28056": "MFDKHOILGNL",
	"3803": "PFOPPKGPKEA",
	"2096": "FBHLCIKKIML",
	"28985": "AACNNJMOLHH",
	"25937": "HBMJKFBOEMF",
	"21245": "PGFDGABGEOK",
	"2538": "KEAMDLEGMBL",
	"28651": "GADHNAPGIFG",
	"3726": "MCILIDEFEFN",
	"4725": "EDOPCCKLHKP",
	"27703": "IAIEAJMEMGK",
	"26744": "DDHAPJDOEGH",
	"3102": "IBIDNNELKMK",
	"5260": "DFAELHEAODO",
	"1739": "AHMIEGPGJOF",
	"22282": "FNJKHAOLNKG",
	"4177": "PFDNDDLHCAB",
	"564": "EEDLBMBOMHH",
	"28589": "NLKLAMGMFKM",
	"4190": "KFBCKIEEOGG",
	"27644": "MKPDHDNEMBH",
	"9144": "CIGILJGIIJF",
	"25237": "LPEMHFIMDCM",
	"22159": "EAGGJECOKPH",
	"1194": "OCNMHMHPOOB",
	"757": "GIGFIAHLFOC",
	"27141": "OELEBMNLCNK",
	"29395": "ANHPDFGJIEE",
	"1563": "CEFHIKKOPCB",
	"24425": "DIGHNIEKEDB",
	"2858": "DCMKOPIBBJI",
	"8862": "JFFFDPCACFP",
	"9078": "KAOMNBJCCPF",
	"26316": "HHABDGBDHMD",
	"26259": "LOFJIICMDBE",
	"26653": "PJPGPDBNFAD",
	"26642": "GetPlayerFriendListReq",
	"2749": "GetPlayerFriendListRsp",
	"6673": "AskAddFriendReq",
	"2923": "AskAddFriendRsp",
	"29169": "DealAddFriendReq",
	"2407": "DealAddFriendRsp",
	"25877": "GetPlayerSocialDetailReq",
	"21823": "GetPlayerSocialDetailRsp",
	"640": "DeleteFriendReq",
	"1883": "DeleteFriendRsp",
	"8029": "SetPlayerBirthdayReq",
	"6015": "SetPlayerBirthdayRsp",
	"8292": "SetPlayerSignatureReq",
	"21352": "SetPlayerSignatureRsp",
	"9970": "SetPlayerHeadImageReq",
	"3920": "SetPlayerHeadImageRsp",
	"22921": "UpdatePS4FriendListNotify",
	"27531": "DeleteFriendNotify",
	"20930": "AddFriendNotify",
	"761": "AskAddFriendNotify",
	"917": "SetNameCardReq",
	"23823": "SetNameCardRsp",
	"28052": "GetAllUnlockNameCardReq",
	"23825": "GetAllUnlockNameCardRsp",
	"7711": "AddBlacklistReq",
	"25174": "AddBlacklistRsp",
	"8823": "RemoveBlacklistReq",
	"28650": "RemoveBlacklistRsp",
	"29965": "UnlockNameCardNotify",
	"24070": "GetRecentMpPlayerListReq",
	"24513": "GetRecentMpPlayerListRsp",
	"24740": "SocialDataNotify",
	"9904": "TakeFirstShareRewardReq",
	"1633": "TakeFirstShareRewardRsp",
	"4042": "UpdatePS4BlockListReq",
	"1994": "UpdatePS4BlockListRsp",
	"27113": "GetPlayerBlacklistReq",
	"2481": "GetPlayerBlacklistRsp",
	"8914": "PlayerReportReq",
	"22426": "PlayerReportRsp",
	"27045": "SetFriendRemarkNameReq",
	"22129": "SetFriendRemarkNameRsp",
	"3226": "UpdatePlayerShowAvatarListReq",
	"7542": "UpdatePlayerShowAvatarListRsp",
	"26427": "GetFriendShowAvatarInfoReq",
	"23702": "GetFriendShowAvatarInfoRsp",
	"9539": "UpdatePlayerShowNameCardListReq",
	"6738": "UpdatePlayerShowNameCardListRsp",
	"22007": "GetFriendShowNameCardInfoReq",
	"21639": "GetFriendShowNameCardInfoRsp",
	"7996": "ForceAddPlayerFriendReq",
	"23287": "ForceAddPlayerFriendRsp",
	"4628": "ProfilePictureChangeNotify",
	"9817": "PSNFriendListNotify",
	"24379": "PSNBlackListNotify",
	"24226": "GetPlayerAskFriendListReq",
	"9717": "GetPlayerAskFriendListRsp",
	"21413": "FEFEGCFFIHJ",
	"22341": "ANHHMPOACHD",
	"8549": "OKOFFDPMPII",
	"9123": "IAEIEDMKBIM",
	"27874": "ANHPPNPIGCL",
	"1201": "JDLBMIJDIKD",
	"4894": "OPILPLIEOIK",
	"4288": "OOKPOPDODOK",
	"8176": "IHDKFKMKHCF",
	"3831": "FFBPFDEEMID",
	"7300": "OCCPBJNJIJB",
	"27054": "GFKKHLCNPNK",
	"24258": "KKJCBEBHDOI",
	"4929": "DJODIODMNCL",
	"29749": "FHIPAJMEJGL",
	"6116": "LOMCHNNLHCO",
	"6163": "NDKFLDDOGIJ",
	"6107": "HMFPMFPBJNE",
	"6105": "OEFCIPIENCI",
	"6142": "LAOHGPIEKOD",
	"6166": "PFLKIJABOIB",
	"6121": "JKJGEGHDCIK",
	"6118": "ONAMOBJEMGF",
	"6124": "AEALLHOLJHJ",
	"6185": "CHDIILMGBKG",
	"6170": "LCEEGKLCMNO",
	"6153": "LNCEIPFPHEL",
	"6157": "PKILOPIFEOA",
	"6138": "GEJFEJNNJPN",
	"6169": "MOFGCFOPNPO",
	"20398": "AAJMFOMHGGN",
	"6830": "FJPMHGFBHIN",
	"23548": "JEIBIOHCEII",
	"8884": "GMLHAOMAIOF",
	"7640": "AJDFNKCPKAM",
	"2780": "OFIGFPOMDCG",
	"5024": "DAHAJGOMOGO",
	"21203": "GPMBKCOBHHJ",
	"4948": "EGJAKPANCDG",
	"27647": "AAIBBLDJONG",
	"20090": "HCIMGPFMCCN",
	"23482": "LNGIGJJONPC",
	"25546": "BKMAHIEGHKE",
	"8426": "GNOOHHCBIEN",
	"1790": "NIPHLMABEKH",
	"21140": "OCPGDFFMBJJ",
	"23624": "GHDEOFEDFFM",
	"8679": "JPICOCOCPIC",
	"20600": "HBPKPGOJFMH",
	"9563": "IBFMBOFGEPH",
	"3087": "NFDICCOMLMK",
	"8499": "GIFCBIBOALC",
	"23856": "JPFDAAEIBCC",
	"27550": "EHOHGMMPDCH",
	"24697": "LLAEALDKAEO",
	"7748": "GNHDOFFFGJO",
	"8498": "LMIHGFKBNKH",
	"5803": "HJGLGLNEIGO",
	"6462": "HDKODIAAPJD",
	"26411": "CDDMGMFHCPE",
	"7307": "BMDEFKLNOID",
	"2496": "DODHPCMAGFN",
	"20323": "GAABCLBBEPL",
	"28083": "ENLPKKDJPEP",
	"9863": "BCOHONPCNKH",
	"3775": "NDKNCLOHMCM",
	"27465": "JBLFKGKLDND",
	"28725": "KIGKMDAGDKE",
	"1127": "GIBLEGGDPOH",
	"22999": "GMCFOGNDEBN",
	"7083": "OOOCJHLFJLE",
	"29157": "BOGNHIIGJEF",
	"4061": "GLEFOBKCOJL",
	"27650": "EFENNEDHIJB",
	"8636": "KLGHDIIKLMC",
	"3527": "FKPMMBBPJCG",
	"3338": "CAMHBICIFLE",
	"983": "CODEKFHKHKE",
	"28162": "EOGOMLJIAOJ",
	"819": "NFHHEIJNNBJ",
	"600": "IEGNKFHCBID",
	"4762": "PBMJGILKFGL",
	"26575": "KCAGOPAMHJA",
	"28139": "HNHKACBPHNP",
	"26114": "FMMFFOFPIKC",
	"28387": "KJOMLNJBHHM",
	"22572": "AFKLDPHAKGN",
	"8788": "BKAGEEHJKGG",
	"26176": "ADCBPLEGPJO",
	"28172": "INCGCFINIAB",
	"165": "KNHDJKLNKMM",
	"25735": "BCJHPAOLAHB",
	"126": "CNHOEMLNGOB",
	"20683": "NEDFACOKENG",
	"6716": "ILIMIOHGNPH",
	"9903": "FHHLMPGCCHO",
	"2448": "IAPFAGGOAAL",
	"9345": "HNJNDCMHDAG",
	"5928": "BNBOLAABPHM",
	"25603": "PJPDNIPODKK",
	"22489": "JDGPDOGFDND",
	"21694": "FLHGGDDGLCP",
	"3097": "FBJJANJEKIM",
	"20270": "BKNOFKBHACH",
	"195": "JDDLLMDDJAM",
	"8664": "IEMGEIMPBHI",
	"9075": "INOOAHEPEED",
	"511": "AEGOHPHFHKE",
	"28048": "OKIMNONFPHH",
	"29939": "IJJPGOACDPM",
	"2879": "JEMGGFKADBL",
	"24912": "HBPGOCOGFCA",
	"23288": "DMLNPPKLJMG",
	"27614": "IOCIDFLCLEH",
	"2192": "IBKOGBPPJOH",
	"5909": "BCNFEPCNMIF",
	"5147": "PCEFMJCFKDG",
	"25483": "FFKBAMEDBEI",
	"1394": "COMOOMDKDBP",
	"28547": "KLGCEADNOIE",
	"723": "FKLHJKAGHND",
	"23675": "FACJOGMBKBG",
	"22912": "HEMNDLILJFP",
	"1084": "ELLOKCGHJHD",
	"22094": "PNPBBCHNNIJ",
	"6877": "OBPDAAAAMDN",
	"21418": "DCPAEEHBODO",
	"24613": "MOMKAPHLPEO",
	"5514": "NPICICOLCBG",
	"2721": "BILNPJMMGDG",
	"6943": "KOOOHIINALA",
	"1343": "DKEKJOJNKLF",
	"22023": "IIMLKHLJPEG",
	"29134": "JCFAHIHCALJ",
	"229": "HBLIOCHJDGJ",
	"8298": "DCKBDLADJAE",
	"23316": "FPOCBGPCMCI",
	"7275": "CENKLGJEGMJ",
	"20344": "GMJDOPNAGAM",
	"26425": "FGBAMOGPLOO",
	"158": "HNBCCACIGHB",
	"27318": "PPBHGFJFLOE",
	"24090": "BBGHHMKPMFJ",
	"826": "POPGJFBAJMA",
	"20436": "AOPMAEGDIPE",
	"23661": "JPMILDEOGEC",
	"4230": "JODHOKHCCME",
	"8655": "KADONOOLAFP",
	"3512": "BEMMBBPNPMI",
	"20462": "MHKJAKHNBDI",
	"4057": "FOPBCFBCGNJ",
	"8219": "NIKMAIKKEME",
	"4838": "ABHFNEDGFPB",
	"3480": "HNNCGCOOEGI",
	"6802": "GECAIFOHDKC",
	"27909": "ACPNGKFPGCL",
	"9207": "OMCIEOOALLB",
	"7882": "FAALHGDICGC",
	"496": "DEFJKJFGFHG",
	"6065": "LMDFJDPOOJO",
	"29090": "FHHIMIJLMGJ",
	"327": "MDEEMNBPCPA",
	"7660": "NAFDLCCKBMP",
	"7404": "CJDKCACEFCN",
	"29964": "FFHHOLAIMJM",
	"3272": "AOGDCJEGIKB",
	"29607": "ONCONBCMPPL",
	"26712": "GBCILKHKLMJ",
	"24148": "DILNJILKLCC",
	"4070": "GGCCMIMACIF",
	"2139": "CEEAFIGHMJD",
	"343": "ACBIKPHDHMD",
	"1223": "AILNNNIGLBE",
	"28911": "OMAOGKGGFMJ",
	"9803": "IGBEMGPOLPL",
	"28022": "JHFBNNLPGNJ",
	"7020": "ECMAEDJCLCK",
	"25366": "HFAIJINEHPP",
	"26099": "HNNHHODAHAH",
	"504": "IEPIHECMPEN",
	"22226": "BPKBCDGHKGK",
	"24761": "SetWidgetSlotReq",
	"21941": "SetWidgetSlotRsp",
	"8802": "WidgetSlotChangeNotify",
	"7552": "GetWidgetSlotReq",
	"4020": "GetWidgetSlotRsp",
	"24097": "AllWidgetDataNotify",
	"8256": "UseWidgetCreateGadgetReq",
	"23377": "UseWidgetCreateGadgetRsp",
	"5727": "UseWidgetRetractGadgetReq",
	"27710": "UseWidgetRetractGadgetRsp",
	"27929": "WidgetGadgetAllDataNotify",
	"25681": "WidgetGadgetDataNotify",
	"9052": "WidgetGadgetDestroyNotify",
	"27588": "WidgetDoBagReq",
	"25738": "WidgetDoBagRsp",
	"26799": "WidgetActiveChangeNotify",
	"1367": "WidgetUseAttachAbilityGroupChangeNotify",
	"27897": "WidgetCaptureAnimalReq",
	"4900": "WidgetCaptureAnimalRsp",
	"4692": "WidgetUpdateExtraCDReq",
	"6739": "WidgetUpdateExtraCDRsp",
	"21340": "FireworksReformDataNotify",
	"2543": "ReformFireworksReq",
	"4265": "ReformFireworksRsp",
	"25813": "LaunchFireworksReq",
	"45": "LaunchFireworksRsp",
	"29884": "FireworksLaunchDataNotify",
	"7825": "ChangeWidgetBackgroundActiveStateReq",
	"26488": "ChangeWidgetBackgroundActiveStateRsp",
	"836": "AllWidgetBackgroundActiveStateNotify",
	"29156": "RemotePlayerWidgetNotify",
	"2797": "WidgetWeatherWizardDataNotify",
	"5972": "AILOPHMJIOJ",
	"551": "IMJHONADIGH",
	"22180": "ENAIGLHOMFE",
	"4083": "PGIKFMBAOLH",
	"3706": "KIDDAMPMOHG",
	"429": "KPGEGALOODD",
	"22857": "BLICDFHBHLB",
	"25448": "DDPFCBEPNJF",
	"7248": "OCEADDCBKPN",
	"26813": "KOKJBELAOBD",
	"3284": "MFNOAALHEJE",
	"27025": "HFJHEHBGBEH"
}